Visibility,VehicleStability,RoadSurface,PathInteraction,GoalOther,Wetness,GoalEgo,FogDensity,TimeOfDay,WindIntensity,FogDistance,Cloudiness,StartOther,Precipitation,PrecipitationDeposits,StartEgo,RoadFriction,Min_TTC,Collision_Occurred
0,0,0,c1,right,40,right,60,-90,40,40,20,left,40,40,base,0.2,2.446890351151313,False
0,0,0,c2,left,40,right,60,60,20,20,80,base,40,40,left,0.1,4.0537666805435,False
0,0,0,c4,left,40,base,40,60,40,40,40,right,20,0,left,0.6,3.2793610257571624,False
0,0,20,c1,right,0,right,0,30,100,100,0,base,0,20,left,0.8,3.3643696935574328,False
0,0,20,c2,left,40,right,20,90,0,40,20,right,40,60,base,0.4,2.135559848032731,False
0,0,20,c4,right,20,base,0,90,100,100,20,left,20,40,right,0.4,1.0486381465877361,False
0,0,40,c1,base,80,base,20,0,20,20,60,left,80,60,right,0.1,2.135603380705704,False
0,0,40,c2,base,20,right,20,60,80,100,80,right,20,20,left,1.0,2.744787493777378,False
0,0,40,c4,right,0,base,60,90,20,40,60,base,20,0,left,1.0,5.144817363331949,False
0,0,60,c1,base,20,right,40,-90,20,20,20,right,20,20,left,0.8,2.0301609690473486,False
0,0,60,c2,right,40,base,40,-90,40,80,100,base,40,40,left,0.2,4.250498844831662,False
0,0,60,c4,left,40,right,60,-30,20,20,40,right,60,60,base,0.4,3.048305682863672,False
0,0,80,c1,base,60,left,40,30,20,20,60,right,40,40,base,0.1,1.672563248367729,False
0,0,80,c2,right,0,base,40,0,60,20,80,left,20,40,right,1.0,1.1304500464233687,False
0,0,80,c4,right,40,base,80,60,20,0,40,base,60,60,right,0.1,1.187689456515727,False
0,0,100,c1,right,0,left,80,-90,20,0,40,left,0,20,base,0.6,2.8311405765215967,False
0,0,100,c2,left,20,right,100,90,0,20,40,base,20,20,left,0.4,4.6628045981879405,False
0,0,100,c4,left,40,right,100,90,20,0,40,right,20,20,base,0.6,2.5463509265376425,False
0,20,0,c1,base,20,right,80,0,0,0,40,right,20,20,left,1.0,1.859370805306112,False
0,20,0,c2,right,40,left,40,-90,60,20,40,base,20,20,right,0.6,1.1124797555471788,False
0,20,0,c4,left,0,base,40,30,60,60,80,base,40,20,right,0.8,2.54911849883761,False
0,20,20,c1,base,0,right,40,60,40,60,0,right,20,20,left,0.8,3.0950974952134667,False
0,20,20,c2,left,0,right,40,-30,20,40,0,right,20,40,left,0.6,0.8791840489482837,False
0,20,20,c4,base,40,right,20,30,80,100,80,right,40,40,left,0.2,3.9967445781399435,False
0,20,40,c1,base,20,right,20,30,20,40,60,right,40,40,left,0.6,3.2280695859639637,False
0,20,40,c2,right,40,base,20,-90,40,40,40,left,20,20,right,0.8,0.8391985669311366,False
0,20,40,c4,right,20,base,0,30,60,100,60,base,20,20,left,0.6,5.650283131757848,False
0,20,60,c1,right,60,left,40,90,0,40,40,left,40,40,right,0.1,0.8329706645364657,False
0,20,60,c2,base,20,right,60,60,80,40,40,right,20,40,left,0.2,2.03933032608474,False
0,20,60,c4,left,0,right,80,-60,40,20,80,base,0,0,left,1.0,6.656675618549073,False
0,20,80,c1,right,60,right,40,60,0,20,100,left,80,60,base,0.1,2.751404741938942,False
0,20,80,c2,left,0,base,20,0,40,80,80,right,40,60,left,0.4,2.7786482128474823,False
0,20,80,c4,left,20,base,40,30,60,60,60,base,0,20,right,0.8,0.0,True
0,20,100,c1,right,40,base,20,30,20,80,60,base,60,60,right,0.6,1.5077865093938303,False
0,20,100,c2,right,0,left,60,30,100,40,40,left,0,0,right,1.0,0.8323695051494108,False
0,20,100,c4,base,40,base,40,-90,40,80,80,left,20,20,right,0.6,2.2733651328089857,False
0,40,0,c1,base,0,base,60,-30,20,0,20,left,20,40,right,1.0,3.038915783159207,False
0,40,0,c2,left,20,right,80,60,20,0,60,base,20,40,left,0.6,4.607973714884959,False
0,40,0,c4,left,20,right,100,-90,0,0,40,base,40,60,left,0.4,5.678777735334711,False
0,40,20,c1,left,0,right,60,-60,0,40,60,right,0,0,left,1.0,1.0519750881293013,False
0,40,20,c2,base,0,right,20,0,40,60,20,right,40,60,base,0.4,1.7685275604340618,False
0,40,20,c4,right,40,left,40,-90,0,20,40,left,40,40,base,0.6,0.0,True
0,40,40,c1,right,20,left,60,-30,20,20,60,base,20,40,right,0.8,1.1065385616825612,False
0,40,40,c2,left,40,left,40,90,40,20,20,right,20,20,base,0.6,3.8871734716938473,False
0,40,40,c4,base,40,left,0,30,40,100,80,left,40,40,right,0.8,5.893593627595858,False
0,40,60,c1,base,100,right,40,0,20,20,100,right,100,100,base,0.1,1.2481294352946615,False
0,40,60,c2,base,0,right,20,-90,100,80,40,right,0,0,base,1.0,1.8512063352980006,False
0,40,60,c4,right,0,left,100,-90,20,0,80,left,0,0,right,1.0,0.9338479043581375,False
0,40,80,c1,right,0,right,40,-30,0,40,60,left,40,40,base,0.4,0.0,True
0,40,80,c2,right,0,base,60,-60,20,0,20,base,20,40,right,0.8,1.1434798739710306,False
0,40,80,c4,base,60,left,40,60,20,40,80,left,60,80,right,0.2,5.820924387613194,False
0,40,100,c1,left,0,left,60,90,100,60,0,base,0,20,right,1.0,1.0460894957649216,False
0,40,100,c2,right,20,left,100,-60,0,0,60,left,20,20,right,1.0,0.7898984012460267,False
0,40,100,c4,left,20,left,60,-60,0,60,60,base,60,60,right,0.4,3.0688028557594795,False
0,60,0,c1,base,0,right,60,-30,60,40,20,right,0,20,left,1.0,1.8841573055307412,False
0,60,0,c2,left,40,base,20,90,0,60,60,right,60,80,left,0.1,2.6572326825835204,False
0,60,0,c4,right,40,right,20,0,40,80,100,left,60,60,base,0.1,4.973090412469578,False
0,60,20,c1,base,20,left,40,-90,40,60,80,right,40,40,base,0.2,1.951071019245943,False
0,60,20,c2,left,60,left,0,30,100,100,100,base,60,60,right,0.2,3.232403215997552,False
0,60,20,c4,left,40,left,40,-90,60,80,20,base,40,40,right,0.4,3.054115030922218,False
0,60,40,c1,base,60,left,0,60,80,100,80,left,60,80,right,0.1,7.366430070228767,False
0,60,40,c2,right,20,base,60,30,20,20,60,base,40,40,right,0.6,1.1136315523559503,False
0,60,40,c4,right,0,left,20,90,20,60,40,left,20,40,right,0.6,0.894822624980289,False
0,60,60,c1,right,20,base,40,30,20,40,60,base,40,60,right,0.2,1.5788806460492921,False
0,60,60,c2,base,20,base,0,-90,40,100,20,left,20,20,right,0.8,2.797861886752181,False
0,60,60,c4,base,20,left,20,-30,20,80,40,right,20,20,base,0.6,1.4420963618092304,False
0,60,80,c1,right,80,right,20,-90,20,60,80,left,60,80,base,0.1,2.6570233850446936,False
0,60,80,c2,base,0,right,40,-90,80,40,60,right,0,0,left,1.0,3.332819637523772,False
0,60,80,c4,right,40,base,80,-90,20,0,60,base,40,60,right,0.1,1.145276390850953,False
0,60,100,c1,base,0,left,60,90,40,20,0,right,0,20,base,0.8,1.6756637389212368,False
0,60,100,c2,right,40,left,20,60,40,60,40,base,40,40,right,0.4,1.0646291462943092,False
0,60,100,c4,base,80,right,0,30,40,80,100,right,100,100,left,0.1,4.532033198408032,False
0,80,0,c1,base,0,right,80,-30,0,20,0,left,20,20,base,0.8,4.116391941618521,False
0,80,0,c2,base,20,right,0,-90,40,80,60,right,20,20,base,0.8,2.0099157691268537,False
0,80,0,c4,right,40,left,20,60,80,100,60,left,40,20,base,0.2,1.8527027227047306,False
0,80,20,c1,right,20,left,60,-90,60,20,80,base,20,0,right,0.8,1.125698451463419,False
0,80,20,c2,left,0,left,20,30,40,60,60,base,40,20,right,1.0,3.0832326327712734,False
0,80,20,c4,right,0,left,20,0,40,60,40,left,20,40,base,0.4,1.8512308783666185,False
0,80,40,c1,base,80,left,20,30,20,40,80,right,100,100,base,0.1,1.8613339027927518,False
0,80,40,c2,left,20,right,20,-90,20,40,60,base,20,40,left,1.0,4.902663225262073,False
0,80,40,c4,base,20,right,60,-30,20,40,20,right,20,40,base,0.2,1.4670580960248336,False
0,80,60,c1,left,0,right,0,30,20,100,40,base,40,20,left,1.0,3.7752024231180226,False
0,80,60,c2,right,20,base,40,90,0,60,40,left,20,40,right,0.6,0.8211082163390916,False
0,80,60,c4,left,40,base,40,-90,20,60,60,base,60,60,right,0.2,0.0,True
0,80,80,c1,base,0,right,60,30,100,40,40,left,0,20,base,0.8,4.965048355996026,False
0,80,80,c2,left,20,left,40,-60,60,60,0,right,0,0,base,1.0,2.9385414623951776,False
0,80,80,c4,right,20,left,40,60,0,20,100,base,80,60,right,0.6,1.3281768081652097,False
0,80,100,c1,base,0,left,40,-30,60,40,40,left,20,20,base,1.0,1.0618747639121302,False
0,80,100,c2,base,40,left,60,-30,0,20,60,left,40,60,right,0.4,1.9785412577206096,False
0,80,100,c4,base,0,right,40,-30,20,60,80,right,20,20,left,0.8,4.434383066679898,False
0,100,0,c1,left,100,right,20,0,40,40,60,right,80,80,base,0.1,2.343694426059109,False
0,100,0,c2,right,20,base,20,-30,20,40,20,base,20,40,left,0.8,4.833940529256011,False
0,100,0,c4,base,0,right,20,-90,100,100,60,left,20,20,base,0.8,3.3456755011574693,False
0,100,20,c1,base,40,right,20,30,80,100,60,right,60,40,base,0.6,1.9297533435980037,False
0,100,20,c2,left,0,left,40,-90,20,20,80,base,20,0,right,1.0,3.5159208224918954,False
0,100,20,c4,base,20,right,60,-90,40,60,80,right,20,20,base,0.8,1.9137362608691766,False
0,100,40,c1,left,40,base,0,0,20,100,60,base,40,40,right,0.2,2.5805331439841828,False
0,100,40,c2,right,60,left,20,0,40,80,40,base,60,80,right,0.1,1.7663845240439944,False
0,100,40,c4,left,0,base,20,30,40,80,80,right,20,20,left,1.0,1.1112188034743558,False
0,100,60,c1,left,0,left,60,90,20,40,0,right,20,0,base,1.0,3.097366582087475,False
0,100,60,c2,base,40,left,40,30,40,80,100,right,40,40,base,0.4,1.7489331826815762,False
0,100,60,c4,left,80,base,40,0,20,60,80,right,80,80,left,0.1,1.06256772288425,False
0,100,80,c1,base,20,base,20,0,20,40,40,right,60,60,left,0.2,4.629444231191674,False
0,100,80,c2,right,20,base,40,30,40,20,80,base,80,80,left,0.1,5.172853443612451,False
0,100,80,c4,right,40,left,20,-30,60,80,40,left,40,40,base,0.1,0.0,True
0,100,100,c1,right,40,base,20,0,80,80,20,base,20,20,right,0.6,1.1915940575373085,False
0,100,100,c2,right,40,left,20,30,60,60,60,left,40,40,base,0.4,2.0695990558146686,False
0,100,100,c4,left,60,base,0,0,100,100,80,base,60,60,left,0.1,3.643619560096763,False
20,0,0,c1,right,40,right,40,-30,20,60,60,left,60,80,base,0.2,0.0,True
20,0,0,c2,base,40,right,40,90,60,40,40,left,20,20,base,0.6,4.8053105426487726,False
20,0,0,c4,right,40,right,80,60,0,0,40,left,40,60,base,0.2,6.283224996747921,False
20,0,20,c1,left,40,base,0,-60,40,100,40,base,60,60,right,0.1,2.6101479579209843,False
20,0,20,c2,base,20,right,0,-30,20,80,60,left,60,80,base,0.4,4.148414295179244,False
20,0,20,c4,right,40,right,20,30,20,80,80,base,40,20,left,0.8,4.8050946588797165,False
20,0,40,c1,left,20,left,80,30,20,20,20,right,0,0,base,1.0,3.3429901032346896,False
20,0,40,c2,base,80,base,0,0,40,100,100,left,80,100,right,0.1,4.008371048015153,False
20,0,40,c4,right,0,base,40,-90,80,60,0,base,20,20,right,0.8,1.452045407169134,False
20,0,60,c1,left,0,base,80,60,0,20,100,base,20,20,right,1.0,0.0,True
20,0,60,c2,base,60,left,40,30,60,40,100,left,100,100,base,0.1,3.3475529117105842,False
20,0,60,c4,base,40,left,20,-90,20,20,60,right,40,40,base,0.6,1.4339891739957507,False
20,0,80,c1,left,40,right,20,-90,20,40,60,base,40,40,left,0.4,5.523157945799991,False
20,0,80,c2,right,20,right,20,-90,40,80,60,left,20,0,base,1.0,3.9459723511270335,False
20,0,80,c4,left,20,base,80,-90,40,0,80,base,20,40,left,0.8,4.029325676225607,False
20,0,100,c1,base,80,left,0,60,40,100,80,right,100,80,base,0.1,1.937072623883295,False
20,0,100,c2,right,20,left,60,-60,0,40,60,left,40,40,base,0.4,3.241900679729208,False
20,0,100,c4,right,20,base,80,-90,20,40,40,base,20,20,right,0.8,1.1276679956249969,False
20,20,0,c1,right,0,left,60,60,20,60,0,left,20,20,right,1.0,0.8209229217395797,False
20,20,0,c2,right,0,base,60,-90,80,60,0,base,0,20,left,0.6,3.990359170950969,False
20,20,0,c4,base,0,base,40,30,60,80,100,right,20,20,left,1.0,3.8768976722731985,False
20,20,20,c1,base,60,left,60,90,0,20,60,left,60,60,right,0.2,3.8743376080748617,False
20,20,20,c2,base,0,base,20,0,40,100,40,left,40,40,right,0.8,1.6774042209458615,False
20,20,20,c4,right,0,base,80,30,40,20,80,left,20,20,right,0.8,0.0,True
20,20,40,c1,left,20,base,0,-90,40,100,60,base,40,60,left,0.6,2.9330372431116345,False
20,20,40,c2,left,20,right,60,0,0,0,20,right,20,20,left,0.8,0.8592064159185843,False
20,20,40,c4,base,40,base,20,-90,80,100,20,left,40,40,right,0.6,2.783205251581025,False
20,20,60,c1,base,0,right,20,0,20,80,60,right,40,40,left,1.0,3.276077551482554,False
20,20,60,c2,base,40,right,20,-30,20,80,60,left,60,60,base,0.2,2.910857942162223,False
20,20,60,c4,base,20,left,60,30,40,60,80,left,40,40,base,1.0,3.5974124804194463,False
20,20,80,c1,right,20,right,80,0,0,40,40,base,40,40,left,0.6,3.2230336161504995,False
20,20,80,c2,base,40,left,60,30,20,20,80,left,80,80,right,0.1,4.031869445722375,False
20,20,80,c4,left,60,base,60,0,0,40,40,base,40,40,right,0.1,0.0,True
20,20,100,c1,left,20,base,40,90,60,80,20,right,0,0,left,1.0,3.5622349010875296,False
20,20,100,c2,left,80,left,40,30,40,60,60,base,80,100,right,0.1,3.363245054864783,False
20,20,100,c4,left,40,right,20,30,80,60,60,right,40,40,left,0.1,0.815849727143128,False
20,40,0,c1,base,0,left,40,-30,0,40,60,right,20,40,base,0.6,1.927077924370904,False
20,40,0,c2,right,100,base,0,-90,20,100,80,base,100,100,left,0.1,4.696022471886862,False
20,40,0,c4,right,40,right,40,-90,60,20,60,left,40,40,base,0.4,4.96891613407401,False
20,40,20,c1,right,40,base,0,0,100,100,80,base,40,20,right,0.6,1.1353638602577172,False
20,40,20,c2,right,40,left,40,60,20,60,40,left,20,20,base,0.6,3.082898041536265,False
20,40,20,c4,right,20,right,60,-60,0,0,40,left,20,0,base,1.0,5.129561645365306,False
20,40,40,c1,left,60,base,20,30,80,60,60,base,60,60,right,0.1,3.740062179699384,False
20,40,40,c2,left,40,right,40,30,60,60,40,right,20,20,left,0.4,0.8757606753978934,False
20,40,40,c4,base,40,right,20,0,40,40,100,right,80,80,base,0.1,1.9526160283072267,False
20,40,60,c1,left,40,left,40,-60,0,40,80,right,40,60,base,0.4,2.7174497256677483,False
20,40,60,c2,left,40,base,60,60,40,20,60,right,20,20,left,0.8,4.3190179010358065,False
20,40,60,c4,left,60,base,20,0,20,60,60,base,60,80,left,0.1,3.7600148859127254,False
20,40,80,c1,base,20,right,100,0,20,0,60,right,20,0,left,0.8,1.960325627619821,False
20,40,80,c2,base,20,right,40,-60,80,60,20,right,0,0,left,1.0,2.818949830878728,False
20,40,80,c4,base,40,right,60,-30,40,0,60,right,40,40,base,0.4,1.9374726595117846,False
20,40,100,c1,base,40,right,40,30,20,40,60,right,40,40,base,0.6,1.1883943908264545,False
20,40,100,c2,base,20,right,40,90,20,40,40,left,40,20,base,0.8,4.439694177496807,False
20,40,100,c4,base,0,right,40,30,20,60,40,left,20,20,base,1.0,3.4698100767221187,False
20,60,0,c1,left,60,right,40,30,40,60,20,right,40,40,left,0.1,1.0066317004851015,False
20,60,0,c2,left,20,base,60,-90,60,40,40,base,20,0,left,1.0,2.7214638359620023,False
20,60,0,c4,right,60,base,60,-90,20,20,80,base,80,100,right,0.1,1.1063108972679094,False
20,60,20,c1,right,0,left,100,-90,0,0,60,left,40,40,right,1.0,0.9077574033088817,False
20,60,20,c2,left,40,left,40,60,20,60,40,base,20,20,right,0.6,3.5768795888382194,False
20,60,20,c4,right,20,left,20,90,60,60,80,left,40,20,right,0.4,0.9344377316757437,False
20,60,40,c1,right,40,right,80,-30,20,20,20,left,20,20,base,0.8,2.411947287916758,False
20,60,40,c2,right,20,base,20,-60,20,20,0,left,20,20,right,0.8,0.8631173174484498,False
20,60,40,c4,left,0,right,60,60,0,40,40,base,20,40,left,0.8,5.988490293709163,False
20,60,60,c1,right,40,base,0,-90,40,100,60,left,40,20,right,0.6,0.8409613328873227,False
20,60,60,c2,base,0,base,100,90,20,0,20,right,0,20,left,0.8,3.7123573422109617,False
20,60,60,c4,base,40,left,40,-90,20,20,40,right,40,40,base,0.1,1.6953999153617658,False
20,60,80,c1,base,20,base,80,0,20,20,20,left,20,40,right,0.2,2.625912114232868,False
20,60,80,c2,base,20,left,40,0,0,40,80,left,20,0,base,1.0,2.9900395002661893,False
20,60,80,c4,left,40,left,60,-60,40,0,40,right,40,40,base,0.4,3.339179956119485,False
20,60,100,c1,right,40,right,60,-90,40,20,20,left,20,40,base,0.8,2.643975374490378,False
20,60,100,c2,left,20,base,20,30,80,80,80,base,40,20,right,1.0,2.1464732627939576,False
20,60,100,c4,left,0,base,80,-90,0,0,60,base,20,40,right,0.8,2.1629028914687196,False
20,80,0,c1,base,80,right,60,30,40,60,80,right,80,80,base,0.1,1.3665046648339134,False
20,80,0,c2,left,60,right,20,0,60,100,80,right,60,60,left,0.2,0.982310048796378,False
20,80,0,c4,left,40,base,0,60,20,80,60,right,60,60,left,0.4,1.2274712196954252,False
20,80,20,c1,base,40,right,40,-60,0,20,60,right,40,40,left,0.2,1.358668151984135,False
20,80,20,c2,right,20,left,60,-90,0,20,60,base,20,40,right,0.8,1.131752430672934,False
20,80,20,c4,left,60,left,20,-30,20,60,80,right,60,40,base,0.2,4.682667888998617,False
20,80,40,c1,right,20,right,40,-90,20,80,60,left,40,60,base,0.6,2.045273499249671,False
20,80,40,c2,right,40,left,40,-90,20,20,40,base,60,60,right,0.2,1.4722251896312257,False
20,80,40,c4,base,60,base,60,30,40,40,60,right,40,60,left,0.1,2.6873735598258017,False
20,80,60,c1,base,60,right,40,30,20,80,80,left,60,60,base,0.1,3.1274650482412882,False
20,80,60,c2,left,40,base,20,0,80,60,40,right,40,20,left,1.0,2.508772062946031,False
20,80,60,c4,base,20,base,0,30,80,100,60,left,20,0,right,0.8,5.748827718810683,False
20,80,80,c1,right,40,base,40,60,40,40,40,left,20,20,right,0.6,2.3047932854752977,False
20,80,80,c2,right,0,left,20,90,60,100,60,left,0,0,base,1.0,2.7269463489059897,False
20,80,80,c4,base,40,right,40,-30,60,40,20,right,20,40,left,0.6,4.787513645016828,False
20,80,100,c1,right,40,left,0,-60,40,100,40,left,40,20,right,0.4,1.0026998847213895,False
20,80,100,c2,right,60,base,0,-90,40,100,80,base,60,40,left,0.4,5.019065051178361,False
20,80,100,c4,left,20,right,60,-30,20,0,20,right,40,60,left,0.2,1.0378110403657337,False
20,100,0,c1,left,40,left,60,90,20,40,40,right,40,40,base,0.2,3.335838669750244,False
20,100,0,c2,right,20,left,20,30,100,100,40,left,20,20,base,0.8,2.7558664115665543,False
20,100,0,c4,base,0,base,40,-30,40,80,40,right,20,20,left,0.8,3.453016249851143,False
20,100,20,c1,right,20,right,40,30,0,60,80,left,60,80,base,0.1,2.704984274292569,False
20,100,20,c2,right,80,right,40,0,60,60,80,base,100,100,left,0.1,3.051170169541041,False
20,100,20,c4,right,40,left,40,60,40,60,40,left,40,20,right,0.4,0.8328579522833367,False
20,100,40,c1,right,40,left,20,60,60,100,60,left,40,40,right,0.6,0.861289229346322,False
20,100,40,c2,left,20,right,20,90,40,60,60,base,20,40,left,0.6,4.674480312138318,False
20,100,40,c4,right,40,left,20,90,60,60,60,base,40,20,right,0.6,1.1854642967414852,False
20,100,60,c1,base,20,left,40,-30,20,60,80,left,60,60,base,0.4,3.1716398578301774,False
20,100,60,c2,base,60,base,40,0,20,40,80,left,60,60,right,0.1,1.6803216247925923,False
20,100,60,c4,left,20,base,0,-90,40,100,80,right,80,80,left,0.4,1.179904122067473,False
20,100,80,c1,left,60,left,0,30,60,100,100,base,60,80,right,0.1,3.4744107012751164,False
20,100,80,c2,right,20,base,0,-30,40,100,0,left,20,20,right,0.8,0.0,True
20,100,80,c4,right,0,base,100,0,0,0,20,base,0,20,right,0.8,1.155020696827538,False
20,100,100,c1,right,0,base,40,90,40,40,60,base,20,20,left,1.0,4.86845071511391,False
20,100,100,c2,right,40,base,40,0,60,40,60,left,40,40,right,0.8,1.0490014845849638,False
20,100,100,c4,left,40,right,80,90,0,0,80,right,40,40,base,0.2,3.2202173649393027,False
40,0,0,c1,right,20,left,40,60,0,40,80,left,60,80,right,0.1,3.8182633497890706,False
40,0,0,c2,left,40,left,60,30,60,0,20,right,20,20,base,0.2,3.0875362137774984,False
40,0,0,c4,left,20,left,60,-90,60,80,40,base,0,0,right,0.8,2.725186167497042,False
40,0,20,c1,left,20,base,20,-90,0,60,60,base,40,60,right,0.4,2.788872450896049,False
40,0,20,c2,base,20,left,60,0,20,0,80,right,40,40,base,0.6,1.6008505222557479,False
40,0,20,c4,right,20,right,40,-90,40,80,40,left,40,40,base,0.6,5.170149108810924,False
40,0,40,c1,right,20,right,40,60,20,40,60,left,60,60,base,0.2,0.0,True
40,0,40,c2,left,40,right,20,90,100,100,20,right,40,60,base,0.2,2.010277501099554,False
40,0,40,c4,left,80,left,40,30,60,60,60,base,80,80,right,0.1,2.0782659581770857,False
40,0,60,c1,base,40,base,20,90,60,60,60,left,40,40,right,0.8,2.2828723550656815,False
40,0,60,c2,right,40,left,0,30,100,100,60,left,40,20,right,0.8,0.8837406544640247,False
40,0,60,c4,base,0,right,60,90,60,40,20,right,0,20,base,1.0,1.8683088980289018,False
40,0,80,c1,left,40,right,80,0,0,0,80,right,40,60,left,0.1,0.8340377158166102,False
40,0,80,c2,right,20,left,80,30,40,40,80,left,40,40,right,0.6,0.7718718168632897,False
40,0,80,c4,left,40,base,40,60,60,40,60,base,60,60,right,0.1,0.0,True
40,0,100,c1,left,0,right,40,60,40,80,60,right,20,0,base,1.0,2.181176546002579,False
40,0,100,c2,left,80,base,40,-90,20,20,60,base,80,80,left,0.1,2.9384826629937355,False
40,0,100,c4,left,40,right,40,90,20,20,40,right,40,40,base,0.4,3.103015060463441,False
40,20,0,c1,left,20,right,0,90,40,100,20,right,20,0,base,0.8,2.0792860230561785,False
40,20,0,c2,right,20,left,40,0,20,60,60,base,20,20,right,0.6,1.1284397462163014,False
40,20,0,c4,right,20,left,20,30,80,60,80,left,40,40,right,0.8,0.9204371094157887,False
40,20,20,c1,left,60,base,20,30,100,80,80,base,80,60,right,0.1,2.210912283928293,False
40,20,20,c2,base,0,right,40,90,60,60,40,right,20,40,left,0.8,2.9394325839582325,False
40,20,20,c4,right,40,base,80,-60,0,0,20,base,20,0,right,0.6,1.147680044613558,False
40,20,40,c1,left,20,base,40,-60,0,60,60,base,20,40,right,0.8,3.255590975284692,False
40,20,40,c2,base,0,right,60,-60,40,40,0,right,0,20,base,0.6,1.5887507495948778,False
40,20,40,c4,right,20,right,60,-90,40,40,40,left,60,40,base,0.6,7.424655150347197,False
40,20,60,c1,base,20,right,40,-90,20,60,40,right,20,40,base,0.8,2.2271827699338496,False
40,20,60,c2,right,20,base,0,60,60,100,60,base,40,40,left,0.8,5.067219964097433,False
40,20,60,c4,left,0,base,20,90,100,60,0,right,0,0,left,1.0,1.0740142581173753,False
40,20,80,c1,right,40,left,20,30,60,80,40,base,20,40,right,0.6,1.1621472194548923,False
40,20,80,c2,right,40,left,0,30,100,100,80,left,40,40,right,0.4,0.8765588995390171,False
40,20,80,c4,right,40,right,40,30,80,80,80,left,60,40,base,0.4,4.093917922660948,False
40,20,100,c1,right,40,left,20,-90,60,40,40,left,40,40,right,0.4,0.8403110068412681,False
40,20,100,c2,base,20,right,100,60,40,20,20,right,0,0,left,1.0,1.616184523647649,False
40,20,100,c4,right,20,left,0,-90,20,80,40,left,60,60,base,0.2,1.8276051294877205,False
40,40,0,c1,left,20,left,20,-90,80,80,40,base,40,40,right,0.4,2.625554169273453,False
40,40,0,c2,right,20,right,60,-60,0,0,0,left,20,20,base,0.4,2.559622914640295,False
40,40,0,c4,base,20,right,0,30,60,80,80,right,40,40,left,0.4,3.7973119811919154,False
40,40,20,c1,base,40,right,20,0,80,80,60,left,60,80,base,0.1,3.6855637871521245,False
40,40,20,c2,base,0,left,60,90,0,0,40,right,20,40,base,1.0,1.8612861084826844,False
40,40,20,c4,right,0,right,60,90,20,20,60,base,40,20,left,1.0,3.458796519382938,False
40,40,40,c1,right,20,right,80,90,0,20,60,base,20,0,left,1.0,3.024816760210749,False
40,40,40,c2,right,80,base,0,90,20,100,80,left,80,60,right,0.1,0.8332486563789097,False
40,40,40,c4,right,0,left,60,90,20,40,60,left,40,40,right,0.8,0.7679227263781204,False
40,40,60,c1,right,20,right,20,60,100,80,20,left,40,20,base,0.8,3.8215534863636456,False
40,40,60,c2,right,60,base,60,-90,20,0,60,base,40,20,right,0.2,1.3032358168458855,False
40,40,60,c4,left,0,base,80,-30,0,20,80,base,0,0,right,1.0,1.9069726370810398,False
40,40,80,c1,left,0,left,20,90,20,60,60,right,20,20,base,0.6,6.658248106489565,False
40,40,80,c2,base,0,left,20,30,20,100,60,right,20,0,base,1.0,1.568711951547396,False
40,40,80,c4,right,40,right,20,0,40,60,100,base,40,60,left,0.2,5.614811870573664,False
40,40,100,c1,base,20,left,60,90,40,20,40,left,20,40,right,0.6,1.1622238360430819,False
40,40,100,c2,right,0,left,60,0,40,20,60,left,0,20,base,1.0,3.615972049221299,False
40,40,100,c4,left,20,right,40,90,20,60,40,right,20,0,left,1.0,0.8312456578822831,False
40,60,0,c1,base,40,base,20,30,40,40,40,left,40,20,right,0.4,3.314506065383558,False
40,60,0,c2,left,40,left,40,30,60,80,80,base,40,40,right,0.2,0.0,True
40,60,0,c4,right,0,left,60,-60,40,40,20,left,0,20,right,0.8,0.8242754863600522,False
40,60,20,c1,right,20,left,20,0,40,60,40,left,0,0,base,1.0,3.1122954277395967,False
40,60,20,c2,base,20,base,40,-30,40,60,40,right,40,40,left,0.4,3.3974494449370485,False
40,60,20,c4,right,40,right,40,-90,40,40,60,left,20,20,base,0.2,5.270421193782576,False
40,60,40,c1,base,20,left,80,-60,20,0,0,right,0,0,base,0.8,1.7154773883252654,False
40,60,40,c2,right,0,base,60,-90,60,0,20,base,0,0,left,1.0,4.637229714692292,False
40,60,40,c4,right,0,left,60,-30,0,60,40,left,20,0,base,1.0,1.996073171242364,False
40,60,60,c1,base,20,left,60,-60,20,20,40,left,40,20,base,1.0,2.4438472363714503,False
40,60,60,c2,base,0,right,80,0,0,0,20,right,20,20,base,0.8,0.7896238420406207,False
40,60,60,c4,base,20,base,80,90,20,40,60,left,20,40,right,0.8,4.301221856401727,False
40,60,80,c1,left,40,right,20,60,40,80,80,right,60,60,left,0.4,0.92149408864472,False
40,60,80,c2,base,0,right,0,0,20,100,60,left,40,60,base,0.6,4.30750685584298,False
40,60,80,c4,base,20,left,80,30,20,0,80,right,20,20,base,1.0,1.268392128722806,False
40,60,100,c1,right,0,base,60,-60,40,40,40,base,20,20,right,0.8,1.1747254301511103,False
40,60,100,c2,right,20,base,60,60,40,40,60,left,40,40,right,0.4,1.216116805416036,False
40,60,100,c4,base,40,left,60,0,40,20,40,left,40,60,base,0.2,3.2501147832208632,False
40,80,0,c1,left,0,base,40,-90,80,40,60,right,20,20,left,1.0,3.449414056524996,False
40,80,0,c2,base,0,left,60,0,60,80,20,right,0,0,base,1.0,1.7143614690099702,False
40,80,0,c4,left,20,right,80,-60,0,20,20,right,20,40,left,0.4,0.7957490877029112,False
40,80,20,c1,left,100,base,0,-30,0,100,80,base,80,80,left,0.1,2.857982560942782,False
40,80,20,c2,left,20,left,60,90,20,60,40,right,40,40,base,0.6,3.5398570462225813,False
40,80,20,c4,right,20,right,80,-30,20,20,60,base,20,40,left,0.8,4.603020790892381,False
40,80,40,c1,right,20,base,40,60,20,20,40,base,40,20,left,0.6,4.214281711770287,False
40,80,40,c2,right,0,left,40,30,40,60,80,base,20,20,right,0.6,1.2679279720552665,False
40,80,40,c4,right,20,left,40,-90,80,60,20,base,20,20,right,0.6,1.4067927312727466,False
40,80,60,c1,left,20,right,20,60,0,80,100,right,20,20,left,0.4,0.8727473404970274,False
40,80,60,c2,right,60,right,20,-30,40,80,60,left,60,40,base,0.2,2.883931983808463,False
40,80,60,c4,left,20,left,20,0,40,80,40,right,20,40,base,0.4,3.204516420175462,False
40,80,80,c1,base,40,left,20,0,40,60,60,left,40,20,right,0.4,4.850302579741509,False
40,80,80,c2,base,0,right,40,-90,40,60,80,right,0,0,left,1.0,3.303006260124785,False
40,80,80,c4,left,0,base,60,30,20,0,60,base,0,20,left,1.0,3.587625789966379,False
40,80,100,c1,base,0,right,80,0,40,40,60,right,20,40,left,0.8,1.9554624796951132,False
40,80,100,c2,left,20,right,20,-90,40,40,40,right,20,20,base,0.6,2.862651715031614,False
40,80,100,c4,base,40,left,60,0,40,40,20,left,20,20,base,1.0,4.155472439965224,False
40,100,0,c1,left,40,right,0,60,20,100,80,right,60,80,left,0.2,0.8756917174967102,False
40,100,0,c2,base,20,base,40,30,100,40,40,left,20,20,right,0.4,2.773272890728998,False
40,100,0,c4,right,60,left,20,30,40,40,80,base,40,40,right,0.2,1.7998000408345607,False
40,100,20,c1,right,40,right,40,-90,40,60,100,base,100,100,left,0.1,3.841516199123623,False
40,100,20,c2,left,0,right,80,-90,40,20,40,base,20,20,left,0.8,2.7042848717400245,False
40,100,20,c4,base,40,left,60,60,0,40,20,left,20,20,right,0.6,3.19319989923218,False
40,100,40,c1,left,0,base,80,60,20,20,40,base,40,40,right,0.8,3.1025165830554013,False
40,100,40,c2,left,0,base,80,90,20,20,40,right,20,20,left,0.6,3.9425500392778954,False
40,100,40,c4,left,40,base,0,30,80,100,80,right,40,20,left,0.6,1.1361825730732549,False
40,100,60,c1,left,40,base,20,-90,20,60,60,right,80,80,left,0.1,3.640347662483501,False
40,100,60,c2,left,20,base,60,90,0,0,0,right,20,20,left,0.8,3.042894161681073,False
40,100,60,c4,base,20,right,40,90,0,40,40,left,20,40,base,0.4,4.180618698602926,False
40,100,80,c1,right,40,left,20,30,60,40,60,left,40,60,right,0.2,0.8545366373588538,False
40,100,80,c2,right,20,right,80,90,20,40,40,left,20,20,base,0.8,1.8314753500939205,False
40,100,80,c4,left,40,base,80,30,20,40,20,base,20,20,right,0.6,3.344744832085827,False
40,100,100,c1,left,0,base,60,-60,40,40,40,right,20,40,left,1.0,4.047429358055157,False
40,100,100,c2,right,20,base,60,-90,20,0,40,left,20,20,right,1.0,1.01168089684291,False
40,100,100,c4,base,40,right,40,-90,0,60,80,right,40,40,left,0.2,4.578480545607489,False
60,0,0,c1,left,20,left,40,90,40,40,40,right,40,60,base,0.4,3.153363106464974,False
60,0,0,c2,left,20,base,40,90,20,60,60,base,20,20,left,1.0,2.9227540528271243,False
60,0,0,c4,base,20,right,20,30,60,80,40,right,40,60,left,0.2,3.781838132725192,False
60,0,20,c1,base,20,left,60,0,40,20,60,left,20,40,base,0.4,1.9913394305055057,False
60,0,20,c2,right,40,left,40,0,0,20,60,left,40,40,base,0.2,2.4371751032598525,False
60,0,20,c4,right,60,base,40,30,80,40,60,base,60,60,right,0.1,1.5447121662345003,False
60,0,40,c1,right,0,right,60,-30,0,0,40,base,20,20,left,0.8,3.0372979663643025,False
60,0,40,c2,base,40,right,80,90,40,20,100,right,40,40,left,0.6,2.5697222108350353,False
60,0,40,c4,right,20,left,60,-90,40,40,80,base,40,40,right,0.6,1.162703677750369,False
60,0,60,c1,base,20,left,0,30,60,100,80,left,60,60,right,0.4,5.3424725347477,False
60,0,60,c2,right,40,left,40,-90,0,0,40,left,40,60,base,0.1,3.033445861297295,False
60,0,60,c4,right,60,left,40,90,20,20,60,left,80,60,right,0.1,0.8878032506831789,False
60,0,80,c1,right,60,right,20,60,80,100,60,left,60,80,base,0.1,2.300731316415173,False
60,0,80,c2,left,40,base,20,-90,80,60,40,base,20,20,right,0.4,2.74698340636545,False
60,0,80,c4,left,60,right,40,60,0,40,60,right,60,60,base,0.2,2.691985962828476,False
60,0,100,c1,right,20,left,80,-90,0,0,60,base,20,40,right,0.2,1.1749629377041242,False
60,0,100,c2,base,20,base,40,0,0,40,60,left,40,40,right,0.4,1.572961580152806,False
60,0,100,c4,base,20,right,0,0,80,100,60,right,40,40,left,0.2,4.474797767255942,False
60,20,0,c1,base,40,right,60,0,20,20,40,right,60,80,left,0.1,2.850268844473195,False
60,20,0,c2,right,20,right,40,-30,0,20,40,left,40,20,base,0.4,4.203840837284371,False
60,20,0,c4,base,40,right,20,60,40,80,80,right,60,60,left,0.2,4.524307172725131,False
60,20,20,c1,base,20,left,80,-30,0,20,20,left,20,20,base,0.6,2.153548206525886,False
60,20,20,c2,right,0,right,20,-90,80,60,0,left,0,0,base,1.0,3.40817215307346,False
60,20,20,c4,base,20,left,80,60,40,0,60,left,0,0,base,0.8,4.215628750562035,False
60,20,40,c1,left,20,right,20,60,0,60,80,right,20,20,left,0.6,0.9021482531645922,False
60,20,40,c2,left,40,right,80,60,0,40,20,base,40,20,left,0.8,4.234120466683364,False
60,20,40,c4,right,40,left,60,30,20,60,40,left,20,20,right,0.6,0.9433450590465424,False
60,20,60,c1,left,40,right,80,60,20,0,40,base,60,60,left,0.4,3.473408356487323,False
60,20,60,c2,right,20,base,60,0,0,20,40,base,20,20,left,0.4,4.035072781764084,False
60,20,60,c4,right,20,base,60,-30,20,20,20,base,0,20,right,0.4,1.0965715699046212,False
60,20,80,c1,left,20,right,60,-30,20,20,20,base,40,40,left,0.4,3.688575671051832,False
60,20,80,c2,left,80,base,0,60,20,40,80,base,80,60,left,0.1,3.201365538201976,False
60,20,80,c4,left,40,right,80,-60,0,0,60,right,40,20,left,0.4,0.7342995342464976,False
60,20,100,c1,left,60,base,0,-90,40,80,40,right,60,40,left,0.4,3.0276977926573525,False
60,20,100,c2,base,20,right,60,60,20,20,60,right,20,40,left,0.6,1.1118453664975283,False
60,20,100,c4,base,0,right,20,-90,60,80,40,right,20,20,base,1.0,1.9189608513591008,False
60,40,0,c1,base,40,right,20,-90,60,100,40,right,40,60,base,0.1,1.642730217826811,False
60,40,0,c2,base,20,base,40,-60,0,80,80,right,40,40,left,0.8,5.501281540091861,False
60,40,0,c4,base,20,left,40,-90,60,80,80,right,40,40,base,0.6,1.5023582904188426,False
60,40,20,c1,base,40,right,20,0,40,80,40,right,40,40,left,0.6,3.175646863494973,False
60,40,20,c2,base,40,left,20,30,20,40,80,right,40,40,base,0.4,0.0,True
60,40,20,c4,left,0,right,80,90,0,0,60,right,20,20,base,1.0,2.7094004010977666,False
60,40,40,c1,left,0,right,20,60,60,60,60,base,40,20,left,1.0,4.246581579436697,False
60,40,40,c2,left,40,right,0,-90,60,80,60,base,40,60,left,0.1,4.2786499118799055,False
60,40,40,c4,left,40,right,40,60,0,20,60,right,40,40,left,0.2,1.0447104720940827,False
60,40,60,c1,left,20,right,60,60,60,40,20,right,20,40,base,0.6,1.620948904290618,False
60,40,60,c2,base,40,base,20,0,60,80,80,right,40,20,left,0.4,4.9311880411540585,False
60,40,60,c4,left,20,right,80,90,0,20,40,base,40,40,left,1.0,7.4421739643207685,False
60,40,80,c1,base,20,base,40,-90,60,60,60,right,0,0,left,1.0,3.32654679197255,False
60,40,80,c2,right,20,right,20,0,60,80,80,base,40,60,left,0.4,3.907700466255125,False
60,40,80,c4,right,60,left,40,-60,0,40,20,base,40,40,right,0.2,1.5515803668729995,False
60,40,100,c1,base,20,base,80,-90,40,40,60,left,20,20,right,1.0,1.7210845971109763,False
60,40,100,c2,right,100,base,0,-90,20,100,100,left,100,100,right,0.1,0.9164395248141558,False
60,40,100,c4,right,20,left,20,-90,60,40,80,left,40,60,base,0.2,1.7232494171901969,False
60,60,0,c1,base,0,right,20,60,40,40,60,right,20,20,left,1.0,1.8923112978232133,False
60,60,0,c2,left,60,right,60,30,20,20,100,base,60,80,left,0.1,4.451607823928962,False
60,60,0,c4,left,40,right,20,30,60,80,0,base,20,20,left,0.4,7.5771535727858605,False
60,60,20,c1,left,20,left,20,30,60,60,40,right,40,20,base,0.8,1.6022848237719687,False
60,60,20,c2,left,60,base,0,60,40,100,80,right,40,40,left,0.2,2.8380745998570593,False
60,60,20,c4,right,80,base,20,-30,40,60,60,base,80,60,right,0.1,1.2099443055412193,False
60,60,40,c1,base,60,right,40,60,0,40,100,right,80,80,left,0.1,1.4634928129358913,False
60,60,40,c2,left,20,right,40,30,80,60,80,right,60,60,left,0.8,0.8574889949212304,False
60,60,40,c4,left,40,base,100,-30,0,0,40,base,20,20,right,0.6,0.0,True
60,60,60,c1,right,20,left,40,60,20,40,40,base,20,40,right,0.4,1.1341889489681793,False
60,60,60,c2,left,20,right,40,90,20,40,60,right,20,20,left,0.6,0.8519123468265428,False
60,60,60,c4,right,40,left,60,90,20,20,20,base,20,40,right,0.4,1.214541229412246,False
60,60,80,c1,base,40,right,40,-90,20,20,100,right,60,60,left,0.4,3.12335469409588,False
60,60,80,c2,right,0,base,20,60,60,60,60,left,40,60,right,0.6,0.580753844211512,False
60,60,80,c4,right,40,right,40,0,0,20,40,base,40,40,left,0.4,2.9899637385244517,False
60,60,100,c1,right,40,left,0,60,40,100,80,left,60,80,base,0.2,2.4045828439789263,False
60,60,100,c2,left,80,base,20,-90,40,40,100,base,80,100,left,0.1,2.9373835753831754,False
60,60,100,c4,base,20,base,20,-30,40,40,40,left,20,20,right,0.8,5.647335960632971,False
60,80,0,c1,base,0,base,40,0,40,40,20,right,40,40,left,0.8,3.2191498800869165,False
60,80,0,c2,base,80,left,20,-90,20,20,100,right,100,100,base,0.1,1.6463787771305216,False
60,80,0,c4,right,60,left,40,-60,0,40,60,left,60,60,base,0.2,0.0,True
60,80,20,c1,right,80,left,0,30,80,100,100,left,100,80,right,0.1,0.8490584432131383,False
60,80,20,c2,right,20,left,60,0,60,0,60,left,40,40,base,0.4,2.9842278288710036,False
60,80,20,c4,left,20,right,40,90,20,40,60,right,20,20,left,0.6,0.7898391007723766,False
60,80,40,c1,base,20,left,20,60,40,80,60,left,20,20,right,1.0,3.653420120275173,False
60,80,40,c2,right,80,right,20,30,60,80,100,base,100,100,left,0.1,3.5860027471242173,False
60,80,40,c4,right,20,base,40,-90,60,40,40,base,20,20,left,0.6,5.999560984976038,False
60,80,60,c1,base,40,base,40,-90,40,20,60,right,40,60,left,0.1,5.872884377581688,False
60,80,60,c2,right,60,left,0,60,40,100,20,left,40,40,base,0.1,2.8574789338059037,False
60,80,60,c4,left,40,right,40,-60,20,40,20,right,40,60,left,0.6,3.912649196510358,False
60,80,80,c1,left,20,base,40,-30,40,60,60,base,20,0,left,1.0,3.317427404326776,False
60,80,80,c2,base,0,right,20,-90,40,40,40,right,20,20,left,1.0,2.9436838931994833,False
60,80,80,c4,right,20,right,60,0,40,40,20,left,20,40,base,0.2,4.557227833792962,False
60,80,100,c1,right,0,left,80,-90,0,0,60,base,20,0,right,1.0,1.1211597233385528,False
60,80,100,c2,right,80,right,60,30,40,40,80,base,80,80,left,0.1,3.7301331034911085,False
60,80,100,c4,left,40,base,40,-30,0,20,40,right,40,40,left,0.2,1.4150563478219926,False
60,100,0,c1,base,20,left,80,30,20,40,40,left,20,20,base,0.4,2.6075594632746815,False
60,100,0,c2,right,40,left,60,-60,0,0,40,base,20,20,right,0.8,1.1675448340221066,False
60,100,0,c4,base,40,right,40,90,40,40,40,right,20,20,base,0.4,1.8429001124285653,False
60,100,20,c1,base,40,left,20,90,20,60,80,left,60,40,base,0.2,2.71411187713128,False
60,100,20,c2,base,20,left,60,60,40,20,0,left,0,0,base,1.0,3.57259432602235,False
60,100,20,c4,right,20,left,40,-30,40,20,40,left,20,40,right,0.6,0.761603423293929,False
60,100,40,c1,left,0,right,20,30,40,80,40,base,20,0,left,1.0,4.588650008185392,False
60,100,40,c2,base,0,base,60,-30,20,0,40,left,40,40,right,0.8,2.7663744627794444,False
60,100,40,c4,base,20,right,20,90,40,60,40,right,40,40,base,1.0,1.909369773518902,False
60,100,60,c1,left,80,left,40,30,20,20,100,right,80,60,base,0.1,3.3489129789757524,False
60,100,60,c2,right,0,left,0,0,100,100,20,base,20,40,right,0.8,1.0787034794139938,False
60,100,60,c4,left,20,base,40,-90,40,40,100,base,40,40,right,0.8,0.745515645638637,False
60,100,80,c1,right,0,base,40,-60,20,40,0,base,0,20,right,0.8,1.3000636482575025,False
60,100,80,c2,right,20,right,0,-90,100,100,60,left,20,20,base,1.0,2.707866250125646,False
60,100,80,c4,base,40,left,40,30,40,20,20,left,20,20,base,0.4,3.597679016978468,False
60,100,100,c1,base,0,left,80,60,0,20,20,left,0,20,right,1.0,3.6895118928966593,False
60,100,100,c2,left,20,base,40,30,20,40,80,base,20,20,left,0.6,2.9092289287595094,False
60,100,100,c4,base,20,base,80,0,20,20,60,right,0,0,left,0.8,3.5831781430482255,False
80,0,0,c1,base,60,left,60,90,20,20,80,left,80,80,base,0.1,2.42697532374752,False
80,0,0,c2,base,80,base,40,0,40,60,60,left,60,40,right,0.2,2.033260131371733,False
80,0,0,c4,left,20,base,0,30,60,100,40,base,40,40,left,0.4,3.778171030082339,False
80,0,20,c1,base,40,right,60,0,40,20,40,right,20,20,left,0.4,2.641575347438488,False
80,0,20,c2,right,60,left,0,0,80,100,80,base,80,100,right,0.1,1.3561050478531753,False
80,0,20,c4,base,20,right,80,-60,0,20,0,right,20,40,base,0.4,1.864105266407935,False
80,0,40,c1,base,0,left,80,-30,20,20,60,left,20,20,right,1.0,4.456037308005686,False
80,0,40,c2,base,60,right,20,0,40,100,60,left,60,60,base,0.2,3.8214052469968878,False
80,0,40,c4,base,100,left,20,30,60,80,100,left,100,100,right,0.1,5.828340688937116,False
80,0,60,c1,right,0,base,60,90,0,20,60,left,20,20,right,0.6,0.9492929494494581,False
80,0,60,c2,base,20,right,100,60,0,0,40,right,20,20,left,1.0,2.4823092634354076,False
80,0,60,c4,right,20,left,40,30,40,40,80,left,40,60,right,0.1,0.839279450745035,False
80,0,80,c1,left,20,base,60,60,40,20,40,base,0,0,left,0.8,3.5238144414095958,False
80,0,80,c2,base,20,right,80,90,0,0,60,right,20,20,base,0.4,0.962544262611819,False
80,0,80,c4,base,60,left,60,30,0,20,100,left,60,60,right,0.1,5.547537133952076,False
80,0,100,c1,base,60,left,20,-30,20,40,60,left,60,80,right,0.1,3.455179334135289,False
80,0,100,c2,left,20,left,40,-90,20,40,20,base,40,40,right,0.6,0.0,True
80,0,100,c4,base,20,right,60,30,60,20,40,right,20,0,base,1.0,1.9453025865756841,False
80,20,0,c1,base,60,left,80,60,20,20,40,left,60,60,right,0.1,3.1286623216690193,False
80,20,0,c2,left,20,base,40,-60,60,80,20,right,20,40,left,0.6,2.801234923835096,False
80,20,0,c4,base,20,right,20,-60,0,60,20,right,20,20,base,0.4,1.897945195738262,False
80,20,20,c1,left,60,right,40,90,40,60,100,base,40,40,left,0.1,3.703449380645204,False
80,20,20,c2,left,20,base,20,0,40,60,40,base,40,60,left,0.4,2.708599419383473,False
80,20,20,c4,base,40,base,40,90,60,40,20,right,40,20,left,0.4,2.624244243256304,False
80,20,40,c1,left,0,right,60,60,40,0,40,right,20,20,left,1.0,0.844939175437247,False
80,20,40,c2,left,40,base,40,0,20,20,60,base,60,60,right,0.2,1.2798664080266333,False
80,20,40,c4,left,60,base,20,-90,20,60,80,right,60,80,left,0.2,0.994502077120098,False
80,20,60,c1,left,20,base,40,90,20,20,60,base,20,20,left,0.8,2.6368372740395567,False
80,20,60,c2,left,60,base,40,90,40,40,80,right,60,40,left,0.4,3.2488941474454713,False
80,20,60,c4,left,40,left,60,0,40,0,40,right,20,20,base,0.6,4.245271702652539,False
80,20,80,c1,left,0,base,60,90,60,80,40,base,0,0,left,1.0,2.9600584822720317,False
80,20,80,c2,base,20,left,80,-30,20,0,40,left,0,0,right,0.8,2.306877277358588,False
80,20,80,c4,left,20,right,40,-90,0,20,60,right,60,60,base,0.2,1.8758836888524153,False
80,20,100,c1,left,40,base,20,30,60,100,60,base,40,60,right,0.6,2.770642049571231,False
80,20,100,c2,left,20,left,60,60,60,60,80,base,20,40,right,0.4,3.756724215813839,False
80,20,100,c4,base,60,right,20,0,20,40,60,right,60,80,left,0.1,3.7883712747572607,False
80,40,0,c1,left,0,right,40,30,60,40,20,base,0,20,left,0.8,4.116502650594073,False
80,40,0,c2,base,60,base,40,-60,20,60,60,right,60,60,left,0.4,6.705569577385295,False
80,40,0,c4,right,20,base,40,30,60,20,40,base,20,0,left,1.0,5.786059216710438,False
80,40,20,c1,base,60,left,40,60,20,20,60,left,40,40,base,0.4,4.209046052036288,False
80,40,20,c2,right,0,base,60,-90,100,40,40,left,0,0,right,1.0,0.6990922290875128,False
80,40,20,c4,left,40,right,0,60,20,60,60,right,60,60,base,0.2,2.811495964100159,False
80,40,40,c1,left,40,base,60,0,0,40,100,base,40,40,left,0.2,2.7987479099006887,False
80,40,40,c2,left,20,left,60,60,0,0,0,right,20,20,base,0.4,3.4233706409039204,False
80,40,40,c4,left,40,left,20,-30,40,80,60,right,60,60,base,0.1,3.5135160565414707,False
80,40,60,c1,right,0,base,40,60,40,40,60,left,20,20,right,0.8,0.777261286589041,False
80,40,60,c2,left,80,left,20,-90,20,80,40,right,60,80,base,0.1,2.9968402772147993,False
80,40,60,c4,base,60,left,40,-90,20,20,60,left,40,60,right,0.1,3.425061104020258,False
80,40,80,c1,base,20,left,40,90,20,60,60,right,20,20,base,0.6,1.7425364442371845,False
80,40,80,c2,left,0,left,20,0,40,80,60,right,20,40,base,0.4,6.922091787862878,False
80,40,80,c4,left,60,right,40,-30,0,0,80,right,40,40,base,0.1,2.7999445772117584,False
80,40,100,c1,right,80,base,40,30,20,40,100,base,80,80,right,0.1,1.1502412818575924,False
80,40,100,c2,right,80,base,0,30,80,100,100,base,80,100,left,0.1,4.873707446026565,False
80,40,100,c4,right,40,left,100,-30,0,0,80,base,40,20,right,0.4,1.723580502595174,False
80,60,0,c1,left,60,base,20,-90,20,100,60,base,80,100,right,0.1,2.7736566135316822,False
80,60,0,c2,base,40,right,0,-90,80,100,80,left,40,40,base,0.6,3.6072810871246017,False
80,60,0,c4,left,0,base,60,-30,20,0,40,base,20,40,right,0.6,2.5949249020290766,False
80,60,20,c1,left,40,base,60,60,0,20,40,base,20,40,right,0.4,3.0839165404761006,False
80,60,20,c2,base,20,base,20,60,0,20,80,right,40,40,left,0.6,4.36862017845259,False
80,60,20,c4,base,40,left,40,-60,40,60,80,left,40,40,base,0.8,4.245831093140999,False
80,60,40,c1,left,20,base,0,0,60,100,80,base,40,40,left,0.6,2.9309239671639538,False
80,60,40,c2,right,20,left,80,-60,20,20,20,left,20,40,base,0.6,2.3693469368903997,False
80,60,40,c4,left,40,base,20,0,40,100,40,right,20,20,left,0.6,1.368903297012578,False
80,60,60,c1,right,20,base,60,0,40,60,60,base,20,0,left,0.8,3.6195427420339303,False
80,60,60,c2,base,20,left,0,60,80,100,60,left,40,40,base,0.8,2.6400453622323643,False
80,60,60,c4,base,20,base,20,0,80,100,20,right,0,20,left,0.8,2.01520578273618,False
80,60,80,c1,base,0,left,80,-30,20,20,80,right,0,0,base,1.0,1.5816030384665434,False
80,60,80,c2,right,20,left,40,0,80,60,40,base,0,0,right,1.0,1.536504130013236,False
80,60,80,c4,base,60,right,80,60,20,0,80,left,60,40,base,0.1,3.4054551004492217,False
80,60,100,c1,left,60,right,20,-90,40,60,100,base,60,60,left,0.4,4.416159582021588,False
80,60,100,c2,left,20,base,0,30,100,100,60,base,20,0,left,0.8,2.970743891840469,False
80,60,100,c4,base,40,base,0,-90,20,100,60,left,40,40,right,0.2,2.7577496974866507,False
80,80,0,c1,right,20,left,60,30,40,40,100,left,40,40,base,0.6,2.739826840129131,False
80,80,0,c2,base,20,left,0,30,80,100,40,right,20,20,base,0.6,1.6643883527771701,False
80,80,0,c4,base,0,left,40,-90,80,60,80,left,0,0,right,1.0,3.354648659687991,False
80,80,20,c1,base,80,base,80,-90,20,0,80,left,60,60,right,0.1,2.7948760105044403,False
80,80,20,c2,right,20,left,40,30,40,40,60,left,40,20,base,0.6,2.8259317007919824,False
80,80,20,c4,left,80,right,20,30,20,40,60,right,60,80,left,0.1,0.840605661144639,False
80,80,40,c1,base,40,left,40,30,80,60,80,right,60,60,base,0.4,1.6973541369968321,False
80,80,40,c2,base,40,right,40,30,40,40,20,right,20,20,left,0.2,3.017462693706114,False
80,80,40,c4,right,0,right,40,0,20,60,80,base,40,40,left,0.8,4.518897439968713,False
80,80,60,c1,base,40,right,0,30,40,100,60,right,60,60,base,0.2,1.549947727742111,False
80,80,60,c2,left,80,left,60,0,0,0,80,right,80,80,base,0.1,2.8589912111631697,False
80,80,60,c4,base,40,base,40,-90,20,40,60,right,60,40,left,0.6,2.3951755206382996,False
80,80,80,c1,base,60,right,0,60,20,60,60,right,80,60,left,0.1,2.4118143192169947,False
80,80,80,c2,left,20,base,40,-30,60,60,60,base,60,60,left,0.4,3.0420943383622743,False
80,80,80,c4,right,0,base,60,-60,40,20,0,base,20,40,right,0.8,1.1141730735300994,False
80,80,100,c1,left,40,base,40,-30,60,60,40,base,60,60,right,0.1,2.8132693154065307,False
80,80,100,c2,right,40,base,20,30,100,80,80,left,40,60,right,0.2,0.8209854765011948,False
80,80,100,c4,left,20,right,60,60,60,20,20,right,20,20,base,0.8,2.1992735904490472,False
80,100,0,c1,left,60,right,40,90,20,60,60,base,40,20,left,0.4,4.154859980865464,False
80,100,0,c2,right,20,base,20,-60,40,100,40,base,20,20,right,0.6,1.1805278614834684,False
80,100,0,c4,right,20,right,80,0,40,0,60,base,20,40,left,0.8,3.357782784813863,False
80,100,20,c1,left,40,right,40,0,20,60,80,base,20,40,left,0.4,3.528939058743941,False
80,100,20,c2,left,60,right,60,-30,0,20,60,right,60,40,base,0.2,1.884468843426224,False
80,100,20,c4,base,80,base,20,-60,40,80,40,right,60,60,left,0.1,2.7114579849022964,False
80,100,40,c1,right,60,left,40,30,60,80,100,left,60,80,base,0.1,2.5931479522089615,False
80,100,40,c2,right,40,right,0,60,60,100,60,base,40,20,left,0.6,3.2431741364586633,False
80,100,40,c4,right,60,base,40,-90,0,20,60,base,40,40,left,0.1,6.768841530983897,False
80,100,60,c1,base,20,left,60,-90,40,0,60,right,20,0,base,1.0,1.6552366063141024,False
80,100,60,c2,left,20,right,100,0,20,20,40,base,20,20,left,0.6,3.9209057831691925,False
80,100,60,c4,left,0,left,40,-30,40,60,0,right,0,20,base,1.0,4.368215482195748,False
80,100,80,c1,base,60,base,20,-60,20,60,80,right,60,60,left,0.1,3.8793293268911775,False
80,100,80,c2,left,0,left,80,-30,0,0,60,right,20,40,base,1.0,3.2029608143199733,False
80,100,80,c4,left,80,base,60,60,0,0,100,base,60,60,right,0.1,1.3847129328195984,False
80,100,100,c1,base,40,left,0,30,80,100,40,right,60,80,base,0.2,1.4875862478854136,False
80,100,100,c2,right,20,base,100,30,0,0,20,base,0,0,right,1.0,1.1239780671275654,False
80,100,100,c4,left,60,left,0,0,80,100,40,right,40,40,base,0.1,6.984932248547078,False
100,0,0,c1,right,40,left,20,0,20,60,60,base,40,40,right,0.2,1.5254121584129339,False
100,0,0,c2,right,20,left,40,-60,40,60,60,base,20,40,right,0.2,1.068770084633814,False
100,0,0,c4,left,20,left,60,0,20,40,80,base,40,40,right,0.6,3.0227156489062965,False
100,0,20,c1,base,20,left,0,-30,40,100,60,left,40,60,right,0.2,5.449410037208288,False
100,0,20,c2,base,60,left,0,0,60,80,60,left,60,60,right,0.1,2.6510023939263796,False
100,0,20,c4,left,20,right,20,90,40,60,20,right,20,40,base,0.2,2.534816161106997,False
100,0,40,c1,base,40,right,0,0,60,100,40,right,60,40,left,0.4,2.9880445119318337,False
100,0,40,c2,base,80,right,0,0,100,100,80,right,80,80,base,0.1,1.522817956191084,False
100,0,40,c4,left,60,base,20,60,20,80,60,base,60,60,left,0.2,3.659766350814451,False
100,0,60,c1,left,20,right,80,-30,60,20,20,right,20,20,left,1.0,0.878016078275045,False
100,0,60,c2,right,0,right,20,60,80,100,40,base,40,60,left,0.4,3.7329647539548056,False
100,0,60,c4,left,40,right,20,-90,60,80,80,base,60,40,left,0.4,6.926209899766767,False
100,0,80,c1,right,60,right,0,30,40,80,80,base,60,40,left,0.1,3.364978175306658,False
100,0,80,c2,left,60,base,20,0,40,60,40,base,60,60,right,0.4,3.318978450227965,False
100,0,80,c4,right,0,left,60,-30,60,20,20,left,20,20,base,1.0,0.0,True
100,0,100,c1,left,60,base,40,0,20,20,60,base,40,40,right,0.4,1.2224708655207226,False
100,0,100,c2,base,20,base,60,-60,20,40,0,left,20,20,right,0.6,2.488825844651853,False
100,0,100,c4,base,0,left,100,0,60,20,20,left,0,20,base,0.8,4.085921352196688,False
100,20,0,c1,right,60,base,40,90,0,60,40,left,60,80,right,0.1,1.1623511616058846,False
100,20,0,c2,right,40,left,60,30,60,0,80,left,40,20,right,0.4,0.932480591552824,False
100,20,0,c4,right,40,base,20,30,80,80,80,left,40,40,right,0.4,0.9227742906179173,False
100,20,20,c1,left,40,left,80,60,0,0,60,right,40,60,base,0.2,3.145747259015476,False
100,20,20,c2,left,40,left,0,-90,60,100,80,base,40,60,right,0.2,3.9525095519943814,False
100,20,20,c4,left,0,right,80,0,0,20,60,base,20,20,left,1.0,6.48260381722831,False
100,20,40,c1,left,0,base,60,0,60,40,20,right,0,20,left,1.0,3.561352365794617,False
100,20,40,c2,left,20,base,60,-60,20,20,40,base,20,40,left,0.4,2.923524593874198,False
100,20,40,c4,base,60,left,40,60,0,20,60,right,60,80,base,0.2,1.4443111899245111,False
100,20,60,c1,right,40,base,60,60,0,20,80,base,60,80,left,0.4,4.880613439390812,False
100,20,60,c2,left,0,right,0,30,60,100,80,right,20,0,base,1.0,2.2377822351854646,False
100,20,60,c4,right,40,left,60,0,20,40,20,base,20,0,right,0.8,1.4244250697423484,False
100,20,80,c1,base,40,right,40,60,20,80,20,left,40,40,base,0.4,3.148770771166934,False
100,20,80,c2,base,20,base,0,-90,40,60,80,left,20,20,right,0.8,2.7346289804678494,False
100,20,80,c4,right,20,left,20,90,20,40,40,left,40,40,base,0.8,0.0,True
100,20,100,c1,right,80,base,0,-90,40,100,60,left,60,40,right,0.1,0.769535855293958,False
100,20,100,c2,base,40,left,80,0,0,0,40,left,40,20,right,0.4,2.849468218355649,False
100,20,100,c4,left,20,base,40,-30,60,40,0,base,0,0,left,1.0,4.223920686743563,False
100,40,0,c1,base,20,right,60,30,0,0,60,right,40,40,base,0.4,0.8605518982484374,False
100,40,0,c2,base,60,left,20,30,80,80,100,left,100,100,right,0.1,6.514183601461224,False
100,40,0,c4,left,40,left,40,-30,0,60,60,base,40,60,right,0.4,2.952507206033884,False
100,40,20,c1,base,0,left,20,60,60,60,0,left,0,0,right,1.0,6.291046157917877,False
100,40,20,c2,right,20,base,40,-30,0,20,60,base,60,60,right,0.6,1.4219176426929314,False
100,40,20,c4,right,20,left,20,0,0,20,20,left,20,0,right,1.0,0.9489136505059699,False
100,40,40,c1,right,40,base,60,60,20,0,20,base,20,20,left,0.4,4.954589169232232,False
100,40,40,c2,base,0,left,60,60,20,20,60,left,40,40,base,0.8,3.7949049809492594,False
100,40,40,c4,base,20,right,40,-60,0,40,40,right,40,60,left,0.4,5.781806021494238,False
100,40,60,c1,left,20,base,40,60,20,20,80,base,40,20,left,0.8,3.1230263393064766,False
100,40,60,c2,right,60,base,0,60,80,100,20,base,40,20,left,0.2,5.081122314594447,False
100,40,60,c4,left,40,left,60,90,20,0,20,right,40,60,base,0.1,6.139541706855273,False
100,40,80,c1,right,0,right,60,30,100,80,60,base,20,20,left,1.0,3.5650110985182404,False
100,40,80,c2,left,40,right,20,0,80,80,40,base,20,0,left,0.8,4.0039336340260725,False
100,40,80,c4,right,0,right,40,30,20,20,0,left,20,40,base,0.8,6.463341505691635,False
100,40,100,c1,right,80,left,20,30,40,100,100,base,80,80,right,0.1,1.125520047262688,False
100,40,100,c2,right,20,left,40,60,20,20,40,left,40,60,base,0.4,2.8400468514253734,False
100,40,100,c4,base,20,left,60,30,80,40,40,left,0,20,base,0.6,3.596665020326497,False
100,60,0,c1,left,40,left,80,30,0,40,60,base,40,60,right,0.2,1.7738903043775247,False
100,60,0,c2,left,20,base,0,60,80,100,40,base,40,40,left,0.4,3.257881501202689,False
100,60,0,c4,right,40,left,20,60,20,60,80,left,40,20,right,0.8,0.9234562297760226,False
100,60,20,c1,base,20,left,40,-90,0,60,80,left,20,20,right,0.4,3.807118222792879,False
100,60,20,c2,right,40,right,20,0,20,40,60,left,80,100,base,0.1,2.9280634765674907,False
100,60,20,c4,right,20,base,0,30,60,80,80,base,20,20,right,1.0,1.3880039561517867,False
100,60,40,c1,left,20,left,40,30,0,20,100,right,40,60,base,0.4,2.9837043564186154,False
100,60,40,c2,right,60,left,80,0,20,0,100,left,60,60,right,0.1,0.8921228868118557,False
100,60,40,c4,right,80,right,0,60,20,60,80,left,80,80,base,0.1,4.707765674165542,False
100,60,60,c1,left,20,base,0,-30,40,100,40,base,40,60,right,0.4,2.617206226965654,False
100,60,60,c2,left,20,base,60,30,20,20,80,base,20,20,right,0.8,0.0,True
100,60,60,c4,left,60,left,40,-90,20,20,60,right,40,40,base,0.1,2.2572994130096458,False
100,60,80,c1,base,80,base,0,-90,60,80,80,right,60,60,left,0.1,4.389985571155832,False
100,60,80,c2,base,0,right,20,30,60,80,60,right,20,0,base,1.0,1.681084117177798,False
100,60,80,c4,left,40,base,0,30,100,100,60,base,60,80,left,0.1,4.346733653608349,False
100,60,100,c1,left,20,left,20,0,80,100,40,right,20,20,base,0.4,4.986755049171475,False
100,60,100,c2,right,20,left,60,-30,40,0,80,left,40,40,right,0.4,0.8109376795606529,False
100,60,100,c4,base,40,right,20,-90,20,100,80,right,60,40,base,0.6,1.9391932148878224,False
100,80,0,c1,base,20,left,20,-90,20,60,80,left,60,60,base,0.8,3.5113178034211456,False
100,80,0,c2,left,80,left,0,-90,60,100,60,base,60,40,right,0.1,3.252708488365927,False
100,80,0,c4,base,0,right,40,30,20,60,40,left,20,20,base,1.0,3.2965084182945557,False
100,80,20,c1,base,20,right,20,30,40,80,100,right,60,60,left,0.6,2.4616661620033202,False
100,80,20,c2,right,40,left,40,90,0,20,40,base,60,60,right,0.1,1.3919049147396492,False
100,80,20,c4,base,20,right,80,30,40,40,60,left,20,40,base,0.8,4.8892484580645625,False
100,80,40,c1,base,20,left,80,90,0,20,20,right,20,0,base,1.0,1.7266704297650213,False
100,80,40,c2,left,20,right,60,0,20,20,20,base,20,20,left,0.4,3.441352875147049,False
100,80,40,c4,left,20,left,100,-90,20,0,60,right,20,40,base,0.2,3.407001853221704,False
100,80,60,c1,right,0,base,40,-30,40,40,0,left,0,20,right,0.8,0.9304730174436161,False
100,80,60,c2,left,20,right,80,-60,0,40,0,right,0,0,left,0.8,1.0338407977786288,False
100,80,60,c4,base,20,left,60,-90,60,40,20,left,20,40,right,0.6,4.247007595596391,False
100,80,80,c1,base,40,left,60,60,40,60,60,left,20,20,base,0.4,2.7531845768537697,False
100,80,80,c2,left,20,right,0,0,60,100,40,right,20,20,left,0.8,1.1047713350075243,False
100,80,80,c4,left,40,right,40,30,20,60,40,right,40,60,left,0.2,0.7985811413407603,False
100,80,100,c1,left,60,left,40,-60,0,40,20,right,40,60,base,0.1,3.85240551889692,False
100,80,100,c2,left,40,left,80,0,20,0,40,base,20,20,right,1.0,0.0,True
100,80,100,c4,left,20,right,60,90,0,60,40,base,20,20,left,0.8,5.8947374089370586,False
100,100,0,c1,base,40,base,20,0,40,60,80,left,40,40,right,0.2,2.6546478494096566,False
100,100,0,c2,left,60,base,60,60,0,40,40,base,60,60,right,0.1,1.2162743305919752,False
100,100,0,c4,base,20,left,20,60,60,100,60,left,20,40,base,0.8,3.685883457507647,False
100,100,20,c1,left,40,base,20,0,60,100,40,right,60,60,left,0.6,2.8640766329530276,False
100,100,20,c2,left,20,right,0,30,60,100,20,right,40,40,left,0.8,0.8619669798723107,False
100,100,20,c4,base,20,left,60,-30,0,0,60,left,20,40,right,0.8,5.426874100876614,False
100,100,40,c1,left,20,right,40,60,60,20,20,right,40,20,left,0.6,0.8367441755096735,False
100,100,40,c2,base,40,left,80,60,0,0,40,left,40,60,base,0.2,2.818639433090376,False
100,100,40,c4,base,20,right,20,-60,40,60,0,right,0,0,base,1.0,2.8509451470362595,False
100,100,60,c1,base,60,left,0,0,20,100,80,right,60,40,base,0.4,1.8238157733457605,False
100,100,60,c2,right,60,base,40,-30,20,60,40,base,60,60,right,0.1,1.341595613164845,False
100,100,60,c4,base,20,left,60,-90,40,40,80,left,40,40,right,0.6,5.6565874758107535,False
100,100,80,c1,left,0,base,0,30,60,80,40,base,40,20,right,1.0,2.2773021553311037,False
100,100,80,c2,base,80,left,20,30,80,80,80,right,60,40,base,0.1,1.8225568643418366,False
100,100,80,c4,base,0,right,60,90,20,20,40,left,20,0,base,1.0,3.3626928837268903,False
100,100,100,c1,right,40,left,40,30,60,60,40,base,20,20,right,0.2,1.2190895143350975,False
100,100,100,c2,base,40,base,20,-90,20,60,60,right,20,20,left,0.4,6.936029466031572,False
100,100,100,c4,base,20,right,40,90,20,60,20,right,20,40,left,0.4,4.649700407073399,False
