Visibility,VehicleStability,RoadSurface,PathInteraction,GoalEgo,WindIntensity,RoadFriction,FogDistance,StartOther,PrecipitationDeposits,Cloudiness,FogDensity,GoalOther,Precipitation,Wetness,StartEgo,Collision_Occurred,Min_TTC
0,0,0,1,left,0,0.1,0,left,60,100,60,right,60,60,base,False,1.987160658605761
0,0,0,2,left,0,0.1,0,right,60,100,60,left,60,60,base,False,3.0239628690139275
0,0,0,4,right,0,0.1,0,right,60,100,60,base,60,60,left,False,4.806220896273969
0,0,20,1,left,0,0.1,0,left,60,100,60,right,60,60,base,False,2.9858624804320923
0,0,20,2,left,0,0.1,0,right,60,100,60,left,60,60,base,False,3.071895117198481
0,0,20,4,right,0,0.1,0,right,60,100,60,base,60,60,left,False,4.459325784272458
0,0,40,1,left,0,0.4,0,left,40,60,60,right,40,40,base,False,2.8322364551787644
0,0,40,2,left,0,0.4,0,right,40,60,60,left,40,40,base,False,3.76607974228484
0,0,40,4,right,0,0.4,0,right,40,60,60,base,40,40,left,False,2.9354867362729533
0,0,60,1,left,20,0.6,20,left,20,40,60,right,20,20,base,False,2.122489648651217
0,0,60,2,left,20,0.6,20,right,20,40,60,left,20,20,base,False,3.1735740679319364
0,0,60,4,right,20,0.6,20,right,20,40,60,base,20,20,left,True,3210.724827825932
0,0,80,1,left,60,1.0,20,left,0,0,60,right,0,0,base,False,2.31443827203308
0,0,80,2,left,60,1.0,20,right,0,0,60,left,0,0,base,False,2.9825838502370416
0,0,80,4,right,60,1.0,20,right,0,0,60,base,0,0,left,True,1340.4037113700517
0,0,100,1,left,60,1.0,20,left,0,0,60,right,0,0,base,False,2.339726426625306
0,0,100,2,left,60,1.0,20,right,0,0,60,left,0,0,base,False,3.0589574907002617
0,0,100,4,right,60,1.0,20,right,0,0,60,base,0,0,left,False,2.9570229828400545
0,20,0,1,left,0,0.1,0,left,60,100,60,right,60,60,base,False,2.734257901771978
0,20,0,2,left,0,0.1,0,right,60,100,60,left,60,60,base,False,3.471339441109749
0,20,0,4,right,0,0.1,0,right,60,100,60,base,60,60,left,False,3.379970434931973
0,20,20,1,left,0,0.2,0,left,40,60,60,right,40,40,base,False,2.863293348466195
0,20,20,2,left,0,0.2,0,right,40,60,60,left,40,40,base,False,3.214661064780775
0,20,20,4,right,0,0.2,0,right,40,60,60,base,40,40,left,True,1288.4298041184973
0,20,40,1,left,0,0.4,0,left,40,60,60,right,40,40,base,False,2.7728722740782548
0,20,40,2,left,0,0.4,0,right,40,60,60,left,40,40,base,False,3.7001371347301966
0,20,40,4,right,0,0.4,0,right,40,60,60,base,40,40,left,False,4.76395514685323
0,20,60,1,left,0,0.6,0,left,20,40,80,right,20,20,base,False,2.974348919126569
0,20,60,2,left,0,0.6,0,right,20,40,80,left,20,20,base,False,3.1369992998651246
0,20,60,4,right,0,0.6,0,right,20,40,80,base,20,20,left,False,4.986376489500934
0,20,80,1,left,60,1.0,20,left,0,0,60,right,0,0,base,False,2.6968299835526266
0,20,80,2,left,60,1.0,20,right,0,0,60,left,0,0,base,False,3.413923642847426
0,20,80,4,right,60,1.0,20,right,0,0,60,base,0,0,left,False,3.4559998061385944
0,20,100,1,left,60,1.0,20,left,0,0,60,right,0,0,base,False,2.776777634684378
0,20,100,2,left,60,1.0,20,right,0,0,60,left,0,0,base,False,3.4416051043156433
0,20,100,4,right,60,1.0,20,right,0,0,60,base,0,0,left,False,3.1656498885994444
0,40,0,1,left,0,0.1,0,left,60,100,60,right,60,60,base,False,3.0640601093954425
0,40,0,2,left,0,0.1,0,right,60,100,60,left,60,60,base,False,3.8138233649885023
0,40,0,4,right,0,0.1,0,right,60,100,60,base,60,60,left,True,9999.0
0,40,20,1,left,0,0.4,0,left,40,60,60,right,40,40,base,False,1.660268837380491
0,40,20,2,left,0,0.4,0,right,40,60,60,left,40,40,base,False,3.5847852058113108
0,40,20,4,right,0,0.4,0,right,40,60,60,base,40,40,left,False,4.502277043853708
0,40,40,1,left,0,0.4,0,left,40,60,60,right,40,40,base,False,2.9925923852055902
0,40,40,2,left,0,0.4,0,right,40,60,60,left,40,40,base,False,3.0314599927589034
0,40,40,4,right,0,0.4,0,right,40,60,60,base,40,40,left,False,2.808083440144035
0,40,60,1,left,0,0.6,0,left,20,40,80,right,20,20,base,False,2.155307985381338
0,40,60,2,left,0,0.6,0,right,20,40,80,left,20,20,base,False,4.1874598288864195
0,40,60,4,right,0,0.6,0,right,20,40,80,base,20,20,left,False,4.7199069664357385
0,40,80,1,left,0,1.0,0,left,0,0,100,right,0,0,base,False,2.258944479036518
0,40,80,2,left,0,1.0,0,right,0,0,100,left,0,0,base,False,2.9570329826562047
0,40,80,4,right,0,1.0,0,right,0,0,100,base,0,0,left,False,4.57615094094111
0,40,100,1,left,0,1.0,0,left,0,0,100,right,0,0,base,False,2.4436375459482713
0,40,100,2,left,0,1.0,0,right,0,0,100,left,0,0,base,False,3.487135228403081
0,40,100,4,right,0,1.0,0,right,0,0,100,base,0,0,left,False,4.06950161295714
0,60,0,1,left,0,0.4,0,left,40,60,60,right,40,40,base,False,2.739719632519172
0,60,0,2,left,0,0.4,0,right,40,60,60,left,40,40,base,False,3.01939902928167
0,60,0,4,right,0,0.4,0,right,40,60,60,base,40,40,left,True,2725.01031233253
0,60,20,1,left,0,0.6,0,left,20,40,80,right,20,20,base,False,2.857817458551702
0,60,20,2,left,0,0.6,0,right,20,40,80,left,20,20,base,False,2.9469480412547506
0,60,20,4,right,0,0.6,0,right,20,40,80,base,20,20,left,False,4.489308685336702
0,60,40,1,left,0,0.6,0,left,20,40,80,right,20,20,base,False,2.2846785632145368
0,60,40,2,left,0,0.6,0,right,20,40,80,left,20,20,base,False,3.3604860625474466
0,60,40,4,right,0,0.6,0,right,20,40,80,base,20,20,left,False,1.5402004319578873
0,60,60,1,left,0,1.0,0,left,0,0,100,right,0,0,base,False,2.460716228860101
0,60,60,2,left,0,1.0,0,right,0,0,100,left,0,0,base,False,2.9940090509224673
0,60,60,4,right,0,1.0,0,right,0,0,100,base,0,0,left,False,4.969644795979361
0,60,80,1,left,0,1.0,0,left,0,0,100,right,0,0,base,False,2.7316994250618603
0,60,80,2,left,0,1.0,0,right,0,0,100,left,0,0,base,False,3.638365532252188
0,60,80,4,right,0,1.0,0,right,0,0,100,base,0,0,left,True,1182.8136366812107
0,60,100,1,left,0,1.0,0,left,0,0,100,right,0,0,base,False,2.4170363982008176
0,60,100,2,left,0,1.0,0,right,0,0,100,left,0,0,base,False,3.394092811528605
0,60,100,4,right,0,1.0,0,right,0,0,100,base,0,0,left,False,4.526735731877848
0,80,0,1,left,0,0.4,0,left,40,60,60,right,40,40,base,False,1.9491736139348494
0,80,0,2,left,0,0.4,0,right,40,60,60,left,40,40,base,False,3.266259962909708
0,80,0,4,right,0,0.4,0,right,40,60,60,base,40,40,left,False,4.821245520645927
0,80,20,1,left,0,0.6,0,left,20,40,80,right,20,20,base,False,2.0763689644812913
0,80,20,2,left,0,0.6,0,right,20,40,80,left,20,20,base,False,3.1584373979281253
0,80,20,4,right,0,0.6,0,right,20,40,80,base,20,20,left,False,5.1500927887745
0,80,40,1,left,0,0.8,0,left,20,40,80,right,20,20,base,False,2.8918453268923128
0,80,40,2,left,0,0.8,0,right,20,40,80,left,20,20,base,False,2.9813590918015387
0,80,40,4,right,0,0.8,0,right,20,40,80,base,20,20,left,True,1261.2971251207848
0,80,60,1,left,0,1.0,0,left,0,0,100,right,0,0,base,False,2.3368067098523224
0,80,60,2,left,0,1.0,0,right,0,0,100,left,0,0,base,False,2.9510727080231285
0,80,60,4,right,0,1.0,0,right,0,0,100,base,0,0,left,False,4.926784306577642
0,80,80,1,left,0,1.0,0,left,0,0,100,right,0,0,base,False,2.8912525187317315
0,80,80,2,left,0,1.0,0,right,0,0,100,left,0,0,base,False,3.165212394820501
0,80,80,4,right,0,1.0,0,right,0,0,100,base,0,0,left,False,4.608701520462604
0,80,100,1,left,0,1.0,0,left,0,0,100,right,0,0,base,False,2.103798579533881
0,80,100,2,left,0,1.0,0,right,0,0,100,left,0,0,base,False,3.196309076226615
0,80,100,4,right,0,1.0,0,right,0,0,100,base,0,0,left,False,4.695506672378955
0,100,0,1,left,0,0.1,0,left,0,0,0,left,0,0,left,False,4.166727763427522
0,100,0,2,left,0,0.1,0,left,0,0,0,left,0,0,left,False,5.6377715374856745
0,100,0,4,left,0,0.1,0,left,0,0,0,left,0,0,left,False,2.6747023386313136
0,100,20,1,left,0,0.1,0,left,0,0,0,left,0,0,left,False,6.269569200819028
0,100,20,2,left,0,0.1,0,left,0,0,0,left,0,0,left,False,1.1718367604551239
0,100,20,4,left,0,0.1,0,left,0,0,0,left,0,0,left,False,3.5656066001975346
0,100,40,1,left,0,0.8,0,left,20,40,80,right,20,20,base,False,2.1053208056849773
0,100,40,2,left,0,0.8,0,right,20,40,80,left,20,20,base,False,3.1664022922015387
0,100,40,4,right,0,0.8,0,right,20,40,80,base,20,20,left,False,4.803256313143881
0,100,60,1,left,0,1.0,0,left,0,0,100,right,0,0,base,False,2.422318496118879
0,100,60,2,left,0,1.0,0,right,0,0,100,left,0,0,base,False,5.382430079781537
0,100,60,4,right,0,1.0,0,right,0,0,100,base,0,0,left,True,2068.933316755522
0,100,80,1,left,0,1.0,0,left,0,0,100,right,0,0,base,False,2.5152393155582984
0,100,80,2,left,0,1.0,0,right,0,0,100,left,0,0,base,False,3.0917742790089884
0,100,80,4,right,0,1.0,0,right,0,0,100,base,0,0,left,False,3.620278209837026
0,100,100,1,left,0,1.0,0,left,0,0,100,right,0,0,base,False,2.493607867187756
0,100,100,2,left,0,1.0,0,right,0,0,100,left,0,0,base,False,2.9764630800490814
0,100,100,4,right,0,1.0,0,right,0,0,100,base,0,0,left,False,4.504665408549566
20,0,0,1,left,20,0.1,40,left,60,100,40,right,60,60,base,False,2.1523387452064537
20,0,0,2,left,20,0.1,40,right,60,100,40,left,60,60,base,False,3.388618619221162
20,0,0,4,right,20,0.1,40,right,60,100,40,base,60,60,left,False,4.821167320617482
20,0,20,1,left,20,0.1,40,left,60,100,40,right,60,60,base,False,3.010894734265131
20,0,20,2,left,20,0.1,40,right,60,100,40,left,60,60,base,False,2.977497046664488
20,0,20,4,right,20,0.1,40,right,60,100,40,base,60,60,left,False,4.739533274527847
20,0,40,1,left,40,0.4,40,left,40,60,40,right,40,40,base,False,2.725290017446319
20,0,40,2,left,40,0.4,40,right,40,60,40,left,40,40,base,False,3.353472827418049
20,0,40,4,right,40,0.4,40,right,40,60,40,base,40,40,left,False,2.9238001182237454
20,0,60,1,left,80,0.6,60,left,20,40,40,right,20,20,base,False,2.5538370339221377
20,0,60,2,left,80,0.6,60,right,20,40,40,left,20,20,base,False,3.4671622521904455
20,0,60,4,right,80,0.6,60,right,20,40,40,base,20,20,left,False,4.165409318983035
20,0,80,1,left,100,1.0,60,left,0,0,40,right,0,0,base,False,2.6258731865351006
20,0,80,2,left,100,1.0,60,right,0,0,40,left,0,0,base,False,3.8923534210807404
20,0,80,4,right,100,1.0,60,right,0,0,40,base,0,0,left,False,4.1883314740844195
20,0,100,1,left,100,1.0,60,left,0,0,40,right,0,0,base,False,2.6689075980161396
20,0,100,2,left,100,1.0,60,right,0,0,40,left,0,0,base,False,3.5919726333550943
20,0,100,4,right,100,1.0,60,right,0,0,40,base,0,0,left,True,1934.6567362739277
20,20,0,1,left,0,0.1,40,left,60,100,40,right,60,60,base,False,2.3594756986353116
20,20,0,2,left,0,0.1,40,right,60,100,40,left,60,60,base,False,4.920987070087979
20,20,0,4,right,0,0.1,40,right,60,100,40,base,60,60,left,False,3.9010165277261653
20,20,20,1,left,20,0.2,40,left,60,100,40,right,60,40,base,False,2.6153956833997785
20,20,20,2,left,20,0.2,40,right,60,100,40,left,60,40,base,False,3.5893568156260955
20,20,20,4,right,20,0.2,40,right,60,100,40,base,60,40,left,False,3.630946697628307
20,20,40,1,left,20,0.4,40,left,40,60,40,right,40,40,base,False,2.666455830082201
20,20,40,2,left,20,0.4,40,right,40,60,40,left,40,40,base,False,2.9244342129492367
20,20,40,4,right,20,0.4,40,right,40,60,40,base,40,40,left,False,2.9098597019504187
20,20,60,1,left,80,1.0,60,left,0,0,40,right,0,0,base,False,2.5031709070005665
20,20,60,2,left,80,1.0,60,right,0,0,40,left,0,0,base,False,2.9166474913510254
20,20,60,4,right,80,1.0,60,right,0,0,40,base,0,0,left,False,2.8414981308628904
20,20,80,1,left,80,1.0,60,left,0,0,40,right,0,0,base,False,2.654834979178249
20,20,80,2,left,80,1.0,60,right,0,0,40,left,0,0,base,False,3.871504995755655
20,20,80,4,right,80,1.0,60,right,0,0,40,base,0,0,left,False,4.50851147251676
20,20,100,1,left,80,1.0,60,left,0,0,40,right,0,0,base,False,2.629827273515589
20,20,100,2,left,80,1.0,60,right,0,0,40,left,0,0,base,False,3.9225124597854033
20,20,100,4,right,80,1.0,60,right,0,0,40,base,0,0,left,True,980.8382637809738
20,40,0,1,left,0,0.1,40,left,60,100,40,right,60,60,base,False,2.796219115475382
20,40,0,2,left,0,0.1,40,right,60,100,40,left,60,60,base,False,3.408509268469623
20,40,0,4,right,0,0.1,40,right,60,100,40,base,60,60,left,False,4.707222966245677
20,40,20,1,left,20,0.4,40,left,40,60,40,right,40,40,base,False,3.1126370764344657
20,40,20,2,left,20,0.4,40,right,40,60,40,left,40,40,base,False,3.141099063169716
20,40,20,4,right,20,0.4,40,right,40,60,40,base,40,40,left,False,3.5016368692237814
20,40,40,1,left,20,0.4,40,left,40,60,40,right,40,40,base,False,2.663109849185346
20,40,40,2,left,20,0.4,40,right,40,60,40,left,40,40,base,False,4.167048951721114
20,40,40,4,right,20,0.4,40,right,40,60,40,base,40,40,left,False,3.13854959061692
20,40,60,1,left,80,1.0,60,left,0,0,40,right,0,0,base,False,2.624716866158068
20,40,60,2,left,80,1.0,60,right,0,0,40,left,0,0,base,False,4.014719568715411
20,40,60,4,right,80,1.0,60,right,0,0,40,base,0,0,left,True,2448.673689234573
20,40,80,1,left,80,1.0,60,left,0,0,40,right,0,0,base,False,2.664551150317786
20,40,80,2,left,80,1.0,60,right,0,0,40,left,0,0,base,False,3.8111214151227086
20,40,80,4,right,80,1.0,60,right,0,0,40,base,0,0,left,True,5251.758777578319
20,40,100,1,left,80,1.0,60,left,0,0,40,right,0,0,base,False,2.6374197437004168
20,40,100,2,left,80,1.0,60,right,0,0,40,left,0,0,base,False,3.1411030802710207
20,40,100,4,right,80,1.0,60,right,0,0,40,base,0,0,left,False,4.842377862461368
20,60,0,1,left,20,0.4,40,left,40,60,40,right,40,40,base,False,2.9374725817838656
20,60,0,2,left,20,0.4,40,right,40,60,40,left,40,40,base,False,3.340882290996781
20,60,0,4,right,20,0.4,40,right,40,60,40,base,40,40,left,True,3110.048844691173
20,60,20,1,left,20,0.4,40,left,40,60,40,right,40,40,base,False,2.6378647271037767
20,60,20,2,left,20,0.4,40,right,40,60,40,left,40,40,base,False,2.844288257545544
20,60,20,4,right,20,0.4,40,right,40,60,40,base,40,40,left,True,4785.737614171198
20,60,40,1,left,20,0.4,40,left,40,60,40,right,40,40,base,False,2.566282273744663
20,60,40,2,left,20,0.4,40,right,40,60,40,left,40,40,base,False,3.5981519700777778
20,60,40,4,right,20,0.4,40,right,40,60,40,base,40,40,left,True,3498.998997938141
20,60,60,1,left,60,1.0,40,left,0,0,60,right,0,0,base,False,2.235945512569084
20,60,60,2,left,60,1.0,40,right,0,0,60,left,0,0,base,False,3.6565050080005927
20,60,60,4,right,60,1.0,40,right,0,0,60,base,0,0,left,True,9999.0
20,60,80,1,left,60,1.0,40,left,0,0,60,right,0,0,base,False,2.8706202927663207
20,60,80,2,left,60,1.0,40,right,0,0,60,left,0,0,base,False,3.32349539519146
20,60,80,4,right,60,1.0,40,right,0,0,60,base,0,0,left,True,9999.0
20,60,100,1,left,60,1.0,40,left,0,0,60,right,0,0,base,False,2.4457419735367147
20,60,100,2,left,60,1.0,40,right,0,0,60,left,0,0,base,False,3.386309904017022
20,60,100,4,right,60,1.0,40,right,0,0,60,base,0,0,left,False,3.477791053321906
20,80,0,1,left,0,0.4,20,left,40,60,60,right,40,40,base,False,2.681326325807367
20,80,0,2,left,0,0.4,20,right,40,60,60,left,40,40,base,False,5.481258810674461
20,80,0,4,right,0,0.4,20,right,40,60,60,base,40,40,left,False,3.4630633795187875
20,80,20,1,left,0,0.4,20,left,40,60,60,right,40,40,base,False,2.6395771726143074
20,80,20,2,left,0,0.4,20,right,40,60,60,left,40,40,base,False,4.151054153239587
20,80,20,4,right,0,0.4,20,right,40,60,60,base,40,40,left,False,3.4317630570364615
20,80,40,1,left,20,0.8,20,left,20,40,60,right,20,20,base,False,2.2650330467353212
20,80,40,2,left,20,0.8,20,right,20,40,60,left,20,20,base,False,3.364067752177458
20,80,40,4,right,20,0.8,20,right,20,40,60,base,20,20,left,True,3773.5587924891925
20,80,60,1,left,40,1.0,40,left,0,0,60,right,0,0,base,False,3.065873518474337
20,80,60,2,left,40,1.0,40,right,0,0,60,left,0,0,base,False,3.3421553515784135
20,80,60,4,right,40,1.0,40,right,0,0,60,base,0,0,left,False,3.4585781638397846
20,80,80,1,left,40,1.0,40,left,0,0,60,right,0,0,base,False,2.6399030192129387
20,80,80,2,left,40,1.0,40,right,0,0,60,left,0,0,base,False,3.5659090580177204
20,80,80,4,right,40,1.0,40,right,0,0,60,base,0,0,left,False,3.6089122821670574
20,80,100,1,left,40,1.0,40,left,0,0,60,right,0,0,base,False,2.9023275376580604
20,80,100,2,left,40,1.0,40,right,0,0,60,left,0,0,base,False,3.3641885920702013
20,80,100,4,right,40,1.0,40,right,0,0,60,base,0,0,left,False,3.24161350768092
20,100,0,1,left,0,0.1,0,left,0,0,0,left,0,0,left,False,1.1866735903188914
20,100,0,2,left,0,0.1,0,left,0,0,0,left,0,0,left,False,5.93914393408632
20,100,0,4,left,0,0.1,0,left,0,0,0,left,0,0,left,False,2.9968657271490504
20,100,20,1,left,0,0.1,0,left,0,0,0,left,0,0,left,False,1.089779940317213
20,100,20,2,left,0,0.1,0,left,0,0,0,left,0,0,left,False,1.124751475545637
20,100,20,4,left,0,0.1,0,left,0,0,0,left,0,0,left,False,3.618995492459105
20,100,40,1,left,0,0.8,20,left,20,40,60,right,20,20,base,False,3.314825999982081
20,100,40,2,left,0,0.8,20,right,20,40,60,left,20,20,base,False,2.7585267829147675
20,100,40,4,right,0,0.8,20,right,20,40,60,base,20,20,left,False,4.8178517512206165
20,100,60,1,left,20,1.0,20,left,0,0,60,right,0,0,base,False,2.7644876072221582
20,100,60,2,left,20,1.0,20,right,0,0,60,left,0,0,base,False,2.9611778259968737
20,100,60,4,right,20,1.0,20,right,0,0,60,base,0,0,left,False,3.1289960537599857
20,100,80,1,left,20,1.0,20,left,0,0,60,right,0,0,base,False,2.719827688268708
20,100,80,2,left,20,1.0,20,right,0,0,60,left,0,0,base,False,2.9316759735987854
20,100,80,4,right,20,1.0,20,right,0,0,60,base,0,0,left,False,3.0215143080920015
20,100,100,1,left,20,1.0,20,left,0,0,60,right,0,0,base,False,2.103624492114013
20,100,100,2,left,20,1.0,20,right,0,0,60,left,0,0,base,False,2.925382503616359
20,100,100,4,right,20,1.0,20,right,0,0,60,base,0,0,left,True,3141.940051184426
40,0,0,1,left,40,0.1,60,left,80,100,20,right,80,60,base,False,2.51209061869402
40,0,0,2,left,40,0.1,60,right,80,100,20,left,80,60,base,False,3.1331448556660457
40,0,0,4,right,40,0.1,60,right,80,100,20,base,80,60,left,False,4.861146449372638
40,0,20,1,left,40,0.1,60,left,80,100,20,right,80,60,base,False,2.643993961437797
40,0,20,2,left,40,0.1,60,right,80,100,20,left,80,60,base,False,3.3704976147371077
40,0,20,4,right,40,0.1,60,right,80,100,20,base,80,60,left,True,9999.0
40,0,40,1,left,80,0.4,80,left,40,60,20,right,40,40,base,False,3.3002234757641156
40,0,40,2,left,80,0.4,80,right,40,60,20,left,40,40,base,False,3.4568692246490724
40,0,40,4,right,80,0.4,80,right,40,60,20,base,40,40,left,False,4.34471278258503
40,0,60,1,left,80,0.6,80,left,20,40,20,right,20,20,base,False,2.7965835975600344
40,0,60,2,left,80,0.6,80,right,20,40,20,left,20,20,base,False,3.629067858811718
40,0,60,4,right,80,0.6,80,right,20,40,20,base,20,20,left,False,4.840544979882293
40,0,80,1,left,100,1.0,80,left,0,0,20,right,0,0,base,False,2.752666136298841
40,0,80,2,left,100,1.0,80,right,0,0,20,left,0,0,base,False,4.538454110827214
40,0,80,4,right,100,1.0,80,right,0,0,20,base,0,0,left,False,4.882280796521403
40,0,100,1,left,100,1.0,80,left,0,0,20,right,0,0,base,False,2.7692806324758834
40,0,100,2,left,100,1.0,80,right,0,0,20,left,0,0,base,False,3.557204593196887
40,0,100,4,right,100,1.0,80,right,0,0,20,base,0,0,left,True,7548.402269760566
40,20,0,1,left,20,0.1,60,left,80,100,20,right,80,60,base,False,2.7641475856533964
40,20,0,2,left,20,0.1,60,right,80,100,20,left,80,60,base,False,3.599037154990593
40,20,0,4,right,20,0.1,60,right,80,100,20,base,80,60,left,False,4.804851619966595
40,20,20,1,left,40,0.2,60,left,60,100,20,right,60,40,base,False,3.1731656606126517
40,20,20,2,left,40,0.2,60,right,60,100,20,left,60,40,base,False,3.958258535266632
40,20,20,4,right,40,0.2,60,right,60,100,20,base,60,40,left,True,3981.839488764638
40,20,40,1,left,80,0.4,80,left,40,60,20,right,40,40,base,False,3.0353212376173584
40,20,40,2,left,80,0.4,80,right,40,60,20,left,40,40,base,False,7.237453576879005
40,20,40,4,right,80,0.4,80,right,40,60,20,base,40,40,left,False,4.132095236964039
40,20,60,1,left,80,1.0,60,left,0,0,40,right,0,0,base,False,2.481290990793786
40,20,60,2,left,80,1.0,60,right,0,0,40,left,0,0,base,False,3.9764912517586923
40,20,60,4,right,80,1.0,60,right,0,0,40,base,0,0,left,True,973.9417788458211
40,20,80,1,left,80,1.0,60,left,0,0,40,right,0,0,base,False,2.799540395427694
40,20,80,2,left,80,1.0,60,right,0,0,40,left,0,0,base,False,4.290551425177868
40,20,80,4,right,80,1.0,60,right,0,0,40,base,0,0,left,False,4.408564273824968
40,20,100,1,left,80,1.0,60,left,0,0,40,right,0,0,base,False,2.84938865309807
40,20,100,2,left,80,1.0,60,right,0,0,40,left,0,0,base,False,4.943337113386928
40,20,100,4,right,80,1.0,60,right,0,0,40,base,0,0,left,True,1993.0644152532361
40,40,0,1,left,0,0.1,60,left,100,100,20,right,100,80,base,False,2.8418325536142612
40,40,0,2,left,0,0.1,60,right,100,100,20,left,100,80,base,False,3.1763082463128662
40,40,0,4,right,0,0.1,60,right,100,100,20,base,100,80,left,False,4.7652745807914725
40,40,20,1,left,0,0.1,60,left,100,100,20,right,100,80,base,False,2.4428255494197635
40,40,20,2,left,0,0.1,60,right,100,100,20,left,100,80,base,False,3.9443227373738545
40,40,20,4,right,0,0.1,60,right,100,100,20,base,100,80,left,False,4.674438406263956
40,40,40,1,left,20,0.4,40,left,40,60,40,right,40,40,base,False,2.7512387997474326
40,40,40,2,left,20,0.4,40,right,40,60,40,left,40,40,base,False,3.407443160414279
40,40,40,4,right,20,0.4,40,right,40,60,40,base,40,40,left,True,4101.534457240227
40,40,60,1,left,80,1.0,60,left,0,0,40,right,0,0,base,False,2.6041568835334883
40,40,60,2,left,80,1.0,60,right,0,0,40,left,0,0,base,False,3.9594694049167924
40,40,60,4,right,80,1.0,60,right,0,0,40,base,0,0,left,True,2438.198422155298
40,40,80,1,left,80,1.0,60,left,0,0,40,right,0,0,base,False,2.4561455845494176
40,40,80,2,left,80,1.0,60,right,0,0,40,left,0,0,base,False,3.3862065665858005
40,40,80,4,right,80,1.0,60,right,0,0,40,base,0,0,left,False,2.650803303182077
40,40,100,1,left,80,1.0,60,left,0,0,40,right,0,0,base,False,2.4170526236141807
40,40,100,2,left,80,1.0,60,right,0,0,40,left,0,0,base,False,3.78775122625469
40,40,100,4,right,80,1.0,60,right,0,0,40,base,0,0,left,True,1984.9346276035176
40,60,0,1,left,20,0.4,40,left,40,60,40,right,40,40,base,False,2.5348666549733903
40,60,0,2,left,20,0.4,40,right,40,60,40,left,40,40,base,False,3.2424850640698457
40,60,0,4,right,20,0.4,40,right,40,60,40,base,40,40,left,False,2.9158207589395717
40,60,20,1,left,20,0.4,40,left,40,60,40,right,40,40,base,False,2.186175786923016
40,60,20,2,left,20,0.4,40,right,40,60,40,left,40,40,base,False,3.4728534952123504
40,60,20,4,right,20,0.4,40,right,40,60,40,base,40,40,left,True,2554.9045386247813
40,60,40,1,left,20,0.4,40,left,40,60,40,right,40,40,base,False,2.5108666570704834
40,60,40,2,left,20,0.4,40,right,40,60,40,left,40,40,base,False,3.1712149745325826
40,60,40,4,right,20,0.4,40,right,40,60,40,base,40,40,left,False,4.611370232534842
40,60,60,1,left,80,1.0,60,left,0,0,40,right,0,0,base,False,2.9046647441258453
40,60,60,2,left,80,1.0,60,right,0,0,40,left,0,0,base,False,3.01341299500534
40,60,60,4,right,80,1.0,60,right,0,0,40,base,0,0,left,True,1013.0514912182094
40,60,80,1,left,80,1.0,60,left,0,0,40,right,0,0,base,False,2.7107482673998016
40,60,80,2,left,80,1.0,60,right,0,0,40,left,0,0,base,False,4.030788383033971
40,60,80,4,right,80,1.0,60,right,0,0,40,base,0,0,left,False,4.687517932607704
40,60,100,1,left,80,1.0,60,left,0,0,40,right,0,0,base,False,2.772882977219411
40,60,100,2,left,80,1.0,60,right,0,0,40,left,0,0,base,False,2.8672578975507523
40,60,100,4,right,80,1.0,60,right,0,0,40,base,0,0,left,False,4.5710697872104324
40,80,0,1,left,0,0.4,40,left,40,60,40,right,40,40,base,False,2.9557654725787788
40,80,0,2,left,0,0.4,40,right,40,60,40,left,40,40,base,False,4.013701736803488
40,80,0,4,right,0,0.4,40,right,40,60,40,base,40,40,left,False,3.088231068557264
40,80,20,1,left,0,0.4,40,left,40,60,40,right,40,40,base,False,2.4282024970814033
40,80,20,2,left,0,0.4,40,right,40,60,40,left,40,40,base,False,3.1976250742175627
40,80,20,4,right,0,0.4,40,right,40,60,40,base,40,40,left,False,3.2474105984776274
40,80,40,1,left,20,0.8,40,left,20,40,40,right,20,20,base,False,3.2025779290844603
40,80,40,2,left,20,0.8,40,right,20,40,40,left,20,20,base,False,4.2088254637938975
40,80,40,4,right,20,0.8,40,right,20,40,40,base,20,20,left,False,4.60397184836092
40,80,60,1,left,40,1.0,60,left,0,0,40,right,0,0,base,False,2.7253977677400014
40,80,60,2,left,40,1.0,60,right,0,0,40,left,0,0,base,False,3.6305874680927506
40,80,60,4,right,40,1.0,60,right,0,0,40,base,0,0,left,False,4.260852240049601
40,80,80,1,left,40,1.0,60,left,0,0,40,right,0,0,base,False,2.853112394349394
40,80,80,2,left,40,1.0,60,right,0,0,40,left,0,0,base,False,3.232003351512661
40,80,80,4,right,40,1.0,60,right,0,0,40,base,0,0,left,False,4.575665359249899
40,80,100,1,left,40,1.0,60,left,0,0,40,right,0,0,base,False,2.6588546613937782
40,80,100,2,left,40,1.0,60,right,0,0,40,left,0,0,base,False,3.977325920662889
40,80,100,4,right,40,1.0,60,right,0,0,40,base,0,0,left,True,2131.503917806489
40,100,0,1,left,0,0.1,0,left,0,0,0,left,0,0,left,False,6.263751576048636
40,100,0,2,left,0,0.1,0,left,0,0,0,left,0,0,left,False,1.2455454979492364
40,100,0,4,left,0,0.1,0,left,0,0,0,left,0,0,left,False,2.817094025879593
40,100,20,1,left,0,0.1,0,left,0,0,0,left,0,0,left,False,6.43741652455776
40,100,20,2,left,0,0.1,0,left,0,0,0,left,0,0,left,False,1.1928477790345375
40,100,20,4,left,0,0.1,0,left,0,0,0,left,0,0,left,False,3.413687168918332
40,100,40,1,left,20,0.8,40,left,20,40,40,right,20,20,base,False,3.444481451402385
40,100,40,2,left,20,0.8,40,right,20,40,40,left,20,20,base,False,3.80517529946663
40,100,40,4,right,20,0.8,40,right,20,40,40,base,20,20,left,False,1.7643267151619344
40,100,60,1,left,20,1.0,40,left,0,0,40,right,0,0,base,False,2.648261632211048
40,100,60,2,left,20,1.0,40,right,0,0,40,left,0,0,base,False,5.214890130877284
40,100,60,4,right,20,1.0,40,right,0,0,40,base,0,0,left,False,4.132875468044821
40,100,80,1,left,20,1.0,40,left,0,0,40,right,0,0,base,False,2.5333719083166564
40,100,80,2,left,20,1.0,40,right,0,0,40,left,0,0,base,False,3.87600966961979
40,100,80,4,right,20,1.0,40,right,0,0,40,base,0,0,left,False,4.1505615778626055
40,100,100,1,left,20,1.0,40,left,0,0,40,right,0,0,base,False,3.0735808101157382
40,100,100,2,left,20,1.0,40,right,0,0,40,left,0,0,base,False,3.7025508229012734
40,100,100,4,right,20,1.0,40,right,0,0,40,base,0,0,left,False,4.1873569824314005
60,0,0,1,left,100,0.1,100,left,100,100,0,right,100,80,base,False,2.4300674751104885
60,0,0,2,left,100,0.1,100,right,100,100,0,left,100,80,base,False,4.1546867810358545
60,0,0,4,right,100,0.1,100,right,100,100,0,base,100,80,left,True,9999.0
60,0,20,1,left,100,0.1,100,left,100,100,0,right,100,80,base,False,2.52218850566163
60,0,20,2,left,100,0.1,100,right,100,100,0,left,100,80,base,False,3.626837043737976
60,0,20,4,right,100,0.1,100,right,100,100,0,base,100,80,left,False,3.4691487609336176
60,0,40,1,left,80,0.4,80,left,40,60,20,right,40,40,base,False,2.730292628380013
60,0,40,2,left,80,0.4,80,right,40,60,20,left,40,40,base,False,5.263930173839672
60,0,40,4,right,80,0.4,80,right,40,60,20,base,40,40,left,False,1.751513655298031
60,0,60,1,left,100,0.6,100,left,20,40,20,right,20,20,base,False,2.725646897350143
60,0,60,2,left,100,0.6,100,right,20,40,20,left,20,20,base,False,3.2091031231990907
60,0,60,4,right,100,0.6,100,right,20,40,20,base,20,20,left,False,4.751203606573085
60,0,80,1,left,100,1.0,100,left,0,0,20,right,0,0,base,False,2.7662340248510753
60,0,80,2,left,100,1.0,100,right,0,0,20,left,0,0,base,False,3.9131412778277026
60,0,80,4,right,100,1.0,100,right,0,0,20,base,0,0,left,False,4.888238386631959
60,0,100,1,left,100,1.0,100,left,0,0,20,right,0,0,base,False,2.585770333781558
60,0,100,2,left,100,1.0,100,right,0,0,20,left,0,0,base,False,3.152844470633882
60,0,100,4,right,100,1.0,100,right,0,0,20,base,0,0,left,False,2.1562723351255495
60,20,0,1,left,60,0.1,100,left,100,100,0,right,100,80,base,False,2.215378284535987
60,20,0,2,left,60,0.1,100,right,100,100,0,left,100,80,base,False,3.3946953294202684
60,20,0,4,right,60,0.1,100,right,100,100,0,base,100,80,left,False,4.664286030250774
60,20,20,1,left,60,0.2,80,left,60,100,20,right,60,40,base,False,2.553185075847293
60,20,20,2,left,60,0.2,80,right,60,100,20,left,60,40,base,False,3.5723389089633306
60,20,20,4,right,60,0.2,80,right,60,100,20,base,60,40,left,False,1.9348410681921182
60,20,40,1,left,80,0.4,80,left,40,60,20,right,40,40,base,False,3.21615394153715
60,20,40,2,left,80,0.4,80,right,40,60,20,left,40,40,base,False,3.4303359254438055
60,20,40,4,right,80,0.4,80,right,40,60,20,base,40,40,left,False,4.53954597813541
60,20,60,1,left,100,1.0,100,left,0,0,20,right,0,0,base,False,2.750481906274575
60,20,60,2,left,100,1.0,100,right,0,0,20,left,0,0,base,False,3.38362914002148
60,20,60,4,right,100,1.0,100,right,0,0,20,base,0,0,left,False,3.759505778530686
60,20,80,1,left,100,1.0,100,left,0,0,20,right,0,0,base,False,2.884405180449381
60,20,80,2,left,100,1.0,100,right,0,0,20,left,0,0,base,False,3.4772831217826057
60,20,80,4,right,100,1.0,100,right,0,0,20,base,0,0,left,False,4.726794177976141
60,20,100,1,left,100,1.0,100,left,0,0,20,right,0,0,base,False,2.7460288482815765
60,20,100,2,left,100,1.0,100,right,0,0,20,left,0,0,base,False,8.842243771771585
60,20,100,4,right,100,1.0,100,right,0,0,20,base,0,0,left,False,2.6726824323256713
60,40,0,1,left,0,0.1,60,left,100,100,20,right,100,80,base,False,2.7520018467975085
60,40,0,2,left,0,0.1,60,right,100,100,20,left,100,80,base,False,4.192272977127782
60,40,0,4,right,0,0.1,60,right,100,100,20,base,100,80,left,False,4.697423554408955
60,40,20,1,left,60,0.4,80,left,40,60,20,right,40,40,base,False,2.4974887482183323
60,40,20,2,left,60,0.4,80,right,40,60,20,left,40,40,base,False,4.171891243884575
60,40,20,4,right,60,0.4,80,right,40,60,20,base,40,40,left,True,2906.0096435684
60,40,40,1,left,60,0.4,80,left,40,60,20,right,40,40,base,False,1.6776716068643585
60,40,40,2,left,60,0.4,80,right,40,60,20,left,40,40,base,False,4.367594309576276
60,40,40,4,right,60,0.4,80,right,40,60,20,base,40,40,left,False,1.8060865044366168
60,40,60,1,left,100,1.0,100,left,0,0,20,right,0,0,base,False,2.732934150311728
60,40,60,2,left,100,1.0,100,right,0,0,20,left,0,0,base,False,3.633486197552739
60,40,60,4,right,100,1.0,100,right,0,0,20,base,0,0,left,False,3.329559822891887
60,40,80,1,left,100,1.0,100,left,0,0,20,right,0,0,base,False,2.6075462693918845
60,40,80,2,left,100,1.0,100,right,0,0,20,left,0,0,base,False,3.3940672337525206
60,40,80,4,right,100,1.0,100,right,0,0,20,base,0,0,left,False,4.8973303677979985
60,40,100,1,left,100,1.0,100,left,0,0,20,right,0,0,base,False,2.551858036581776
60,40,100,2,left,100,1.0,100,right,0,0,20,left,0,0,base,False,6.1225950593306875
60,40,100,4,right,100,1.0,100,right,0,0,20,base,0,0,left,False,4.3942865496237395
60,60,0,1,left,60,0.4,80,left,40,60,20,right,40,40,base,False,2.5247148830916104
60,60,0,2,left,60,0.4,80,right,40,60,20,left,40,40,base,False,4.0420614639307155
60,60,0,4,right,60,0.4,80,right,40,60,20,base,40,40,left,True,5792.581008380491
60,60,20,1,left,60,0.4,80,left,40,60,20,right,40,40,base,False,2.642506656186463
60,60,20,2,left,60,0.4,80,right,40,60,20,left,40,40,base,False,4.184114783727415
60,60,20,4,right,60,0.4,80,right,40,60,20,base,40,40,left,False,3.0510678746665163
60,60,40,1,left,60,0.4,80,left,40,60,20,right,40,40,base,False,3.282688244898004
60,60,40,2,left,60,0.4,80,right,40,60,20,left,40,40,base,False,4.024005743778891
60,60,40,4,right,60,0.4,80,right,40,60,20,base,40,40,left,False,4.413552487813092
60,60,60,1,left,100,1.0,100,left,0,0,20,right,0,0,base,False,2.730771808149432
60,60,60,2,left,100,1.0,100,right,0,0,20,left,0,0,base,False,6.479144953196968
60,60,60,4,right,100,1.0,100,right,0,0,20,base,0,0,left,False,4.680423741276514
60,60,80,1,left,100,1.0,100,left,0,0,20,right,0,0,base,False,2.6531717499716403
60,60,80,2,left,100,1.0,100,right,0,0,20,left,0,0,base,False,8.772344542472931
60,60,80,4,right,100,1.0,100,right,0,0,20,base,0,0,left,False,4.914465472932808
60,60,100,1,left,100,1.0,100,left,0,0,20,right,0,0,base,False,2.760299109028667
60,60,100,2,left,100,1.0,100,right,0,0,20,left,0,0,base,False,6.497263578254926
60,60,100,4,right,100,1.0,100,right,0,0,20,base,0,0,left,True,9999.0
60,80,0,1,left,0,0.4,60,left,40,60,20,right,40,40,base,False,3.688353322580397
60,80,0,2,left,0,0.4,60,right,40,60,20,left,40,40,base,False,3.447085909564924
60,80,0,4,right,0,0.4,60,right,40,60,20,base,40,40,left,False,2.912528656511419
60,80,20,1,left,0,0.4,60,left,40,60,20,right,40,40,base,False,2.4862834961585523
60,80,20,2,left,0,0.4,60,right,40,60,20,left,40,40,base,False,3.9167008524041007
60,80,20,4,right,0,0.4,60,right,40,60,20,base,40,40,left,False,2.8806446160199264
60,80,40,1,left,40,0.8,80,left,20,40,20,right,20,20,base,False,3.6240830321816326
60,80,40,2,left,40,0.8,80,right,20,40,20,left,20,20,base,False,3.7725472586098454
60,80,40,4,right,40,0.8,80,right,20,40,20,base,20,20,left,False,4.8893310683436955
60,80,60,1,left,40,1.0,60,left,0,0,40,right,0,0,base,False,2.5884266645279705
60,80,60,2,left,40,1.0,60,right,0,0,40,left,0,0,base,False,3.5097421633313353
60,80,60,4,right,40,1.0,60,right,0,0,40,base,0,0,left,False,4.755127565348866
60,80,80,1,left,40,1.0,60,left,0,0,40,right,0,0,base,False,2.4785531953574518
60,80,80,2,left,40,1.0,60,right,0,0,40,left,0,0,base,False,4.107620105043305
60,80,80,4,right,40,1.0,60,right,0,0,40,base,0,0,left,False,4.317279748186954
60,80,100,1,left,40,1.0,60,left,0,0,40,right,0,0,base,False,2.470903112377572
60,80,100,2,left,40,1.0,60,right,0,0,40,left,0,0,base,False,3.401867433591848
60,80,100,4,right,40,1.0,60,right,0,0,40,base,0,0,left,False,5.930035957983971
60,100,0,1,left,0,0.1,0,left,0,0,0,left,0,0,left,False,1.1410564302627357
60,100,0,2,left,0,0.1,0,left,0,0,0,left,0,0,left,False,1.194250961762002
60,100,0,4,left,0,0.1,0,left,0,0,0,left,0,0,left,False,3.0244288347737625
60,100,20,1,left,0,0.1,0,left,0,0,0,left,0,0,left,False,5.179622011709924
60,100,20,2,left,0,0.1,0,left,0,0,0,left,0,0,left,False,1.2043051617539706
60,100,20,4,left,0,0.1,0,left,0,0,0,left,0,0,left,False,3.6666479722063787
60,100,40,1,left,20,0.8,60,left,20,40,20,right,20,20,base,False,2.865893063080505
60,100,40,2,left,20,0.8,60,right,20,40,20,left,20,20,base,False,6.290606416395754
60,100,40,4,right,20,0.8,60,right,20,40,20,base,20,20,left,True,2766.5752109131604
60,100,60,1,left,20,1.0,60,left,0,0,40,right,0,0,base,False,2.60013989866608
60,100,60,2,left,20,1.0,40,right,0,0,60,left,0,0,base,False,3.402249275987921
60,100,60,4,right,20,1.0,60,right,0,0,40,base,0,0,left,False,4.228532221604698
60,100,80,1,left,20,1.0,40,left,0,0,60,right,0,0,base,False,2.5092341098834954
60,100,80,2,left,20,1.0,40,right,0,0,60,left,0,0,base,False,3.224889192817028
60,100,80,4,right,20,1.0,40,right,0,0,60,base,0,0,left,False,2.973502383854453
60,100,100,1,left,20,1.0,40,left,0,0,60,right,0,0,base,False,2.6349524333609664
60,100,100,2,left,20,1.0,40,right,0,0,60,left,0,0,base,False,4.467032293202763
60,100,100,4,right,20,1.0,40,right,0,0,60,base,0,0,left,False,2.8638418462492985
80,0,0,1,left,100,0.1,100,left,100,100,0,right,100,80,base,False,3.10453789784787
80,0,0,2,left,100,0.1,100,right,100,100,0,left,100,80,base,False,10.467634412646724
80,0,0,4,right,100,0.1,100,right,100,100,0,base,100,80,left,True,9999.0
80,0,20,1,left,100,0.1,100,left,100,100,0,right,100,80,base,False,3.024345028321978
80,0,20,2,left,100,0.1,100,right,100,100,0,left,100,80,base,False,3.918084028921812
80,0,20,4,right,100,0.1,100,right,100,100,0,base,100,80,left,False,4.379681035123954
80,0,40,1,left,100,0.4,100,left,40,60,0,right,40,40,base,False,3.422244782594542
80,0,40,2,left,100,0.4,100,right,40,60,0,left,40,40,base,False,6.6216567067569345
80,0,40,4,right,100,0.4,100,right,40,60,0,base,40,40,left,False,4.461923801595576
80,0,60,1,left,100,0.6,100,left,20,40,0,right,20,20,base,False,3.6760691063560365
80,0,60,2,left,100,0.6,100,right,20,40,0,left,20,20,base,False,5.3994582111630205
80,0,60,4,right,100,0.6,100,right,20,40,0,base,20,20,left,False,2.801271245992621
80,0,80,1,left,100,0.8,100,left,20,40,0,right,20,20,base,False,2.4796196805821373
80,0,80,2,left,100,0.8,100,right,20,40,0,left,20,20,base,False,4.139972162549243
80,0,80,4,right,100,0.8,100,right,20,40,0,base,20,20,left,False,5.052481773356717
80,0,100,1,left,100,1.0,100,left,0,0,20,right,0,0,base,False,2.5190787913518373
80,0,100,2,left,100,1.0,100,right,0,0,20,left,0,0,base,False,6.4215565154859675
80,0,100,4,right,100,1.0,100,right,0,0,20,base,0,0,left,False,4.612678570852198
80,20,0,1,left,60,0.1,100,left,100,100,0,right,100,80,base,False,2.9603988246299595
80,20,0,2,left,60,0.1,100,right,100,100,0,left,100,80,base,False,4.281057619956071
80,20,0,4,right,60,0.1,100,right,100,100,0,base,100,80,left,False,4.70798299971223
80,20,20,1,left,100,0.2,100,left,60,100,0,right,60,40,base,False,2.8845406045068436
80,20,20,2,left,100,0.2,100,right,60,100,0,left,60,40,base,False,4.085411773793438
80,20,20,4,right,100,0.2,100,right,60,100,0,base,60,40,left,False,2.8984456118143376
80,20,40,1,left,100,0.4,100,left,40,60,0,right,40,40,base,False,3.374014700103514
80,20,40,2,left,100,0.4,100,right,40,60,0,left,40,40,base,False,4.016572186691213
80,20,40,4,right,100,0.4,100,right,40,60,0,base,40,40,left,True,8170.038583707422
80,20,60,1,left,100,0.6,100,left,20,40,0,right,20,20,base,False,3.5392556897576983
80,20,60,2,left,100,0.6,100,right,20,40,0,left,20,20,base,False,3.2936062123140637
80,20,60,4,right,100,0.6,100,right,20,40,0,base,20,20,left,False,4.258459194439455
80,20,80,1,left,100,1.0,100,left,0,0,20,right,0,0,base,False,2.8061199122365563
80,20,80,2,left,100,1.0,100,right,0,0,20,left,0,0,base,False,4.128473954992945
80,20,80,4,right,100,1.0,100,right,0,0,20,base,0,0,left,True,9999.0
80,20,100,1,left,100,1.0,100,left,0,0,20,right,0,0,base,False,2.7799526029511648
80,20,100,2,left,100,1.0,100,right,0,0,20,left,0,0,base,False,3.1020088793910103
80,20,100,4,right,100,1.0,100,right,0,0,20,base,0,0,left,True,9999.0
80,40,0,1,left,40,0.1,100,left,100,100,0,right,100,80,base,False,3.046068635584489
80,40,0,2,left,40,0.1,100,right,100,100,0,left,100,80,base,False,3.3911991517456794
80,40,0,4,right,40,0.1,100,right,100,100,0,base,100,80,left,False,1.9863477078972456
80,40,20,1,left,40,0.1,100,left,100,100,0,right,100,80,base,False,2.6718884317507245
80,40,20,2,left,40,0.1,100,right,100,100,0,left,100,80,base,False,3.3781707251786988
80,40,20,4,right,40,0.1,100,right,100,100,0,base,100,80,left,True,1794.3749861608972
80,40,40,1,left,100,0.4,100,left,40,60,0,right,40,40,base,False,3.388442319169028
80,40,40,2,left,100,0.4,100,right,40,60,0,left,40,40,base,False,3.3896937770585924
80,40,40,4,right,100,0.4,100,right,40,60,0,base,40,40,left,False,4.521834801263386
80,40,60,1,left,100,1.0,100,left,0,0,20,right,0,0,base,False,2.5773391258172365
80,40,60,2,left,100,1.0,100,right,0,0,20,left,0,0,base,False,4.752553282694457
80,40,60,4,right,100,1.0,100,right,0,0,20,base,0,0,left,True,5431.844947318314
80,40,80,1,left,100,1.0,100,left,0,0,20,right,0,0,base,False,2.7838258696018365
80,40,80,2,left,100,1.0,100,right,0,0,20,left,0,0,base,False,6.5361658144255435
80,40,80,4,right,100,1.0,100,right,0,0,20,base,0,0,left,False,2.1339922536416074
80,40,100,1,left,100,1.0,100,left,0,0,20,right,0,0,base,False,2.6217751955428583
80,40,100,2,left,100,1.0,100,right,0,0,20,left,0,0,base,False,5.155691345880777
80,40,100,4,right,100,1.0,100,right,0,0,20,base,0,0,left,False,4.853477407612397
80,60,0,1,left,60,0.4,100,left,40,60,0,right,40,40,base,False,3.608346665892537
80,60,0,2,left,60,0.4,100,right,40,60,0,left,40,40,base,False,3.3964630923410204
80,60,0,4,right,60,0.4,100,right,40,60,0,base,40,40,left,True,2505.743152133364
80,60,20,1,left,60,0.4,100,left,40,60,0,right,40,40,base,False,3.668224123237911
80,60,20,2,left,60,0.4,100,right,40,60,0,left,40,40,base,False,6.731715241502818
80,60,20,4,right,60,0.4,100,right,40,60,0,base,40,40,left,False,4.748037558802577
80,60,40,1,left,60,0.4,100,left,40,60,0,right,40,40,base,False,3.011292586508738
80,60,40,2,left,60,0.4,100,right,40,60,0,left,40,40,base,False,3.7175351733313335
80,60,40,4,right,60,0.4,100,right,40,60,0,base,40,40,left,False,2.0450418572584548
80,60,60,1,left,100,1.0,100,left,0,0,20,right,0,0,base,False,2.4890362743635577
80,60,60,2,left,100,1.0,100,right,0,0,20,left,0,0,base,False,3.383042684104431
80,60,60,4,right,100,1.0,100,right,0,0,20,base,0,0,left,False,1.8184862907030532
80,60,80,1,left,100,1.0,100,left,0,0,20,right,0,0,base,False,2.792901735449529
80,60,80,2,left,100,1.0,100,right,0,0,20,left,0,0,base,False,6.498059095517568
80,60,80,4,right,100,1.0,100,right,0,0,20,base,0,0,left,False,4.759523565517498
80,60,100,1,left,100,1.0,100,left,0,0,20,right,0,0,base,False,2.5650338453281605
80,60,100,2,left,100,1.0,100,right,0,0,20,left,0,0,base,False,6.0715127030562055
80,60,100,4,right,100,1.0,100,right,0,0,20,base,0,0,left,True,8278.781250918993
80,80,0,1,left,0,0.4,80,left,40,60,20,right,40,40,base,False,2.7290348755986216
80,80,0,2,left,0,0.4,80,right,40,60,20,left,40,40,base,False,3.990976743094215
80,80,0,4,right,0,0.4,80,right,40,60,20,base,40,40,left,False,2.830170302825534
80,80,20,1,left,40,0.6,80,left,20,40,20,right,20,20,base,False,3.5290722403467174
80,80,20,2,left,40,0.6,80,right,20,40,20,left,20,20,base,False,3.356748163439576
80,80,20,4,right,40,0.6,80,right,20,40,20,base,20,20,left,False,4.755333535812195
80,80,40,1,left,40,0.8,80,left,20,40,20,right,20,20,base,False,3.8047711487295937
80,80,40,2,left,40,0.8,80,right,20,40,20,left,20,20,base,False,7.602418341090652
80,80,40,4,right,40,0.8,80,right,20,40,20,base,20,20,left,False,4.878838846274634
80,80,60,1,left,60,1.0,80,left,0,0,20,right,0,0,base,False,2.47955816034566
80,80,60,2,left,60,1.0,80,right,0,0,20,left,0,0,base,False,3.000136564217881
80,80,60,4,right,60,1.0,80,right,0,0,20,base,0,0,left,True,2742.001979660243
80,80,80,1,left,60,1.0,80,left,0,0,20,right,0,0,base,False,2.697710592137858
80,80,80,2,left,60,1.0,80,right,0,0,20,left,0,0,base,False,7.913235456360436
80,80,80,4,right,60,1.0,80,right,0,0,20,base,0,0,left,False,4.597784666805398
80,80,100,1,left,60,1.0,80,left,0,0,20,right,0,0,base,False,3.247275388389231
80,80,100,2,left,60,1.0,80,right,0,0,20,left,0,0,base,False,3.828169037474196
80,80,100,4,right,60,1.0,80,right,0,0,20,base,0,0,left,False,3.9626480033944627
80,100,0,1,left,0,0.1,0,left,0,0,0,left,0,0,left,False,1.1204718222824446
80,100,0,2,left,0,0.1,0,left,0,0,0,left,0,0,left,False,1.166005160396657
80,100,0,4,left,0,0.1,0,left,0,0,0,left,0,0,left,False,3.7666241116236776
80,100,20,1,left,0,0.1,0,left,0,0,0,left,0,0,left,False,6.371810830905663
80,100,20,2,left,0,0.1,0,left,0,0,0,left,0,0,left,False,1.140911443082239
80,100,20,4,left,0,0.1,0,left,0,0,0,left,0,0,left,False,2.576908724140999
80,100,40,1,left,20,0.8,80,left,20,40,20,right,20,20,base,False,1.0058795943065608
80,100,40,2,left,20,0.8,80,right,20,40,20,left,20,20,base,False,6.302757139900975
80,100,40,4,right,20,0.8,80,right,20,40,20,base,20,20,left,True,9999.0
80,100,60,1,left,40,1.0,80,left,0,0,20,right,0,0,base,False,2.4336364118290885
80,100,60,2,left,40,1.0,80,right,0,0,20,left,0,0,base,False,3.8527058328492134
80,100,60,4,right,40,1.0,80,right,0,0,20,base,0,0,left,False,1.8541787011557658
80,100,80,1,left,40,1.0,80,left,0,0,20,right,0,0,base,False,2.5367203880072045
80,100,80,2,left,40,1.0,80,right,0,0,20,left,0,0,base,False,3.3807076346320977
80,100,80,4,right,40,1.0,80,right,0,0,20,base,0,0,left,False,3.051625064745859
80,100,100,1,left,40,1.0,80,left,0,0,20,right,0,0,base,False,2.7653008769257577
80,100,100,2,left,40,1.0,80,right,0,0,20,left,0,0,base,False,3.4154891442699955
80,100,100,4,right,40,1.0,80,right,0,0,20,base,0,0,left,False,4.58530786925319
100,0,0,1,left,100,0.1,100,left,100,100,0,right,100,80,base,False,2.989376933131099
100,0,0,2,left,100,0.1,100,right,100,100,0,left,100,80,base,False,4.141130836202897
100,0,0,4,right,100,0.1,100,right,100,100,0,base,100,80,left,False,4.347048316038933
100,0,20,1,left,100,0.1,100,left,100,100,0,right,100,80,base,False,3.5399324378702524
100,0,20,2,left,100,0.1,100,right,100,100,0,left,100,80,base,False,3.4949420444871886
100,0,20,4,right,100,0.1,100,right,100,100,0,base,100,80,left,False,3.7661282773449516
100,0,40,1,left,100,0.4,100,left,40,60,0,right,40,40,base,False,3.202444875305124
100,0,40,2,left,100,0.4,100,right,40,60,0,left,40,40,base,False,4.083663495085163
100,0,40,4,right,100,0.4,100,right,40,60,0,base,40,40,left,False,2.9514902033425887
100,0,60,1,left,100,0.6,100,left,20,40,0,right,20,20,base,False,2.753005867656356
100,0,60,2,left,100,0.6,100,right,20,40,0,left,20,20,base,False,4.713676365656338
100,0,60,4,right,100,0.6,100,right,20,40,0,base,20,20,left,False,3.4784253245130197
100,0,80,1,left,100,0.8,100,left,20,40,0,right,20,20,base,False,2.690724206343591
100,0,80,2,left,100,0.8,100,right,20,40,0,left,20,20,base,False,4.031709644072105
100,0,80,4,right,100,0.8,100,right,20,40,0,base,20,20,left,True,6252.564266196564
100,0,100,1,left,100,1.0,100,left,0,0,0,right,0,0,base,False,3.2997275228489684
100,0,100,2,left,100,1.0,100,right,0,0,0,left,0,0,base,False,4.195734963460784
100,0,100,4,right,100,1.0,100,right,0,0,0,base,0,0,left,False,2.1107999169299574
100,20,0,1,left,60,0.1,100,left,100,100,0,right,100,80,base,False,2.9459248945650534
100,20,0,2,left,60,0.1,100,right,100,100,0,left,100,80,base,False,3.999880324558696
100,20,0,4,right,60,0.1,100,right,100,100,0,base,100,80,left,False,4.897035781687035
100,20,20,1,left,100,0.2,100,left,60,100,0,right,60,40,base,False,3.4362170552388926
100,20,20,2,left,100,0.2,100,right,60,100,0,left,60,40,base,False,6.333041979015104
100,20,20,4,right,100,0.2,100,right,60,100,0,base,60,40,left,False,4.604912298030878
100,20,40,1,left,100,0.4,100,left,40,60,0,right,40,40,base,False,3.528574816166348
100,20,40,2,left,100,0.4,100,right,40,60,0,left,40,40,base,False,3.346012492215619
100,20,40,4,right,100,0.4,100,right,40,60,0,base,40,40,left,False,4.465263579364777
100,20,60,1,left,100,0.6,100,left,20,40,0,right,20,20,base,False,3.3303219572390157
100,20,60,2,left,100,0.6,100,right,20,40,0,left,20,20,base,False,3.6910084273575774
100,20,60,4,right,100,0.6,100,right,20,40,0,base,20,20,left,False,3.5633214608337935
100,20,80,1,left,100,0.8,100,left,20,40,0,right,20,20,base,False,3.642008862024851
100,20,80,2,left,100,0.8,100,right,20,40,0,left,20,20,base,False,5.939683648925536
100,20,80,4,right,100,0.8,100,right,20,40,0,base,20,20,left,False,2.8926250423520234
100,20,100,1,left,100,1.0,100,left,0,0,0,right,0,0,base,False,2.7217837929471878
100,20,100,2,left,100,1.0,100,right,0,0,0,left,0,0,base,False,4.352730331958589
100,20,100,4,right,100,1.0,100,right,0,0,0,base,0,0,left,False,4.808164636455129
100,40,0,1,left,40,0.1,100,left,100,100,0,right,100,80,base,False,2.4126044451563993
100,40,0,2,left,40,0.1,100,right,100,100,0,left,100,80,base,False,5.78671774277714
100,40,0,4,right,40,0.1,100,right,100,100,0,base,100,80,left,False,4.386490640924511
100,40,20,1,left,40,0.1,100,left,100,100,0,right,100,80,base,False,3.480360188246033
100,40,20,2,left,40,0.1,100,right,100,100,0,left,100,80,base,False,5.643621236061601
100,40,20,4,right,40,0.1,100,right,100,100,0,base,100,80,left,False,4.750695591391354
100,40,40,1,left,100,0.4,100,left,40,60,0,right,40,40,base,False,3.8806227282053296
100,40,40,2,left,100,0.4,100,right,40,60,0,left,40,40,base,False,3.716892161350556
100,40,40,4,right,100,0.4,100,right,40,60,0,base,40,40,left,True,1422.8113065485861
100,40,60,1,left,100,1.0,100,left,0,0,0,right,0,0,base,False,2.7328239066816478
100,40,60,2,left,100,1.0,100,right,0,0,0,left,0,0,base,False,6.046393423866824
100,40,60,4,right,100,1.0,100,right,0,0,0,base,0,0,left,False,3.398538837786161
100,40,80,1,left,100,1.0,100,left,0,0,0,right,0,0,base,False,2.600031253659181
100,40,80,2,left,100,1.0,100,right,0,0,0,left,0,0,base,False,3.6518871144077014
100,40,80,4,right,100,1.0,100,right,0,0,0,base,0,0,left,False,2.8548041323694626
100,40,100,1,left,100,1.0,100,left,0,0,0,right,0,0,base,False,2.622890820752278
100,40,100,2,left,100,1.0,100,right,0,0,0,left,0,0,base,False,3.400737170585316
100,40,100,4,right,100,1.0,100,right,0,0,0,base,0,0,left,False,3.038408487039977
100,60,0,1,left,60,0.4,100,left,40,60,0,right,40,40,base,False,2.6849347216640735
100,60,0,2,left,60,0.4,100,right,40,60,0,left,40,40,base,False,4.170926783133382
100,60,0,4,right,60,0.4,100,right,40,60,0,base,40,40,left,False,3.993673134123285
100,60,20,1,left,60,0.4,100,left,40,60,0,right,40,40,base,False,3.612627357340714
100,60,20,2,left,60,0.4,100,right,40,60,0,left,40,40,base,False,4.798972307247364
100,60,20,4,right,60,0.4,100,right,40,60,0,base,40,40,left,True,4495.236323013458
100,60,40,1,left,60,0.4,100,left,40,60,0,right,40,40,base,False,1.3284053081290303
100,60,40,2,left,60,0.4,100,right,40,60,0,left,40,40,base,False,6.037301291935134
100,60,40,4,right,60,0.4,100,right,40,60,0,base,40,40,left,False,4.481856721705646
100,60,60,1,left,100,1.0,100,left,0,0,0,right,0,0,base,False,3.3507400579600755
100,60,60,2,left,100,1.0,100,right,0,0,0,left,0,0,base,False,6.473128605132237
100,60,60,4,right,100,1.0,100,right,0,0,0,base,0,0,left,True,9999.0
100,60,80,1,left,100,1.0,100,left,0,0,0,right,0,0,base,False,2.7286497638142984
100,60,80,2,left,100,1.0,100,right,0,0,0,left,0,0,base,False,3.969853759181891
100,60,80,4,right,100,1.0,100,right,0,0,0,base,0,0,left,False,4.689433735045286
100,60,100,1,left,100,1.0,100,left,0,0,0,right,0,0,base,False,2.730382098169323
100,60,100,2,left,100,1.0,100,right,0,0,0,left,0,0,base,False,3.7004113293697594
100,60,100,4,right,100,1.0,100,right,0,0,0,base,0,0,left,False,2.8638650191759747
100,80,0,1,left,0,0.4,100,left,60,100,0,right,60,40,base,False,3.58136724756845
100,80,0,2,left,0,0.4,100,right,60,100,0,left,60,40,base,False,5.656402553433016
100,80,0,4,right,0,0.4,100,right,60,100,0,base,60,40,left,False,4.622525338396595
100,80,20,1,left,40,0.6,100,left,20,40,0,right,20,20,base,False,2.150030191700409
100,80,20,2,left,40,0.6,100,right,20,40,0,left,20,20,base,False,6.0986669744827395
100,80,20,4,right,40,0.6,100,right,20,40,0,base,20,20,left,False,2.7343860655172754
100,80,40,1,left,40,0.8,100,left,20,40,0,right,20,20,base,False,0.9770107422610051
100,80,40,2,left,40,0.8,100,right,20,40,0,left,20,20,base,False,5.111711359815963
100,80,40,4,right,40,0.8,100,right,20,40,0,base,20,20,left,False,3.2657418687158577
100,80,60,1,left,80,1.0,100,left,0,0,0,right,0,0,base,False,2.524888179506931
100,80,60,2,left,80,1.0,100,right,0,0,0,left,0,0,base,False,3.3817187278862577
100,80,60,4,right,80,1.0,100,right,0,0,0,base,0,0,left,True,2723.782635508159
100,80,80,1,left,40,0.8,100,left,20,40,0,right,20,20,base,False,2.7016103401597693
100,80,80,2,left,40,0.8,100,right,20,40,0,left,20,20,base,False,6.501401952306969
100,80,80,4,right,40,0.8,100,right,20,40,0,base,20,20,left,True,9009.036282236413
100,80,100,1,left,80,1.0,100,left,0,0,0,right,0,0,base,False,3.0659418331996324
100,80,100,2,left,80,1.0,100,right,0,0,0,left,0,0,base,False,4.181566883416628
100,80,100,4,right,80,1.0,100,right,0,0,0,base,0,0,left,False,4.612504034949834
100,100,0,1,left,0,0.1,0,left,0,0,0,left,0,0,left,False,1.141654001551658
100,100,0,2,left,0,0.1,0,left,0,0,0,left,0,0,left,False,1.1711623894965515
100,100,0,4,left,0,0.1,0,left,0,0,0,left,0,0,left,False,3.677754233500564
100,100,20,1,left,0,0.1,0,left,0,0,0,left,0,0,left,False,1.1258035231532375
100,100,20,2,left,0,0.1,0,left,0,0,0,left,0,0,left,False,5.052028649279677
100,100,20,4,left,0,0.1,0,left,0,0,0,left,0,0,left,False,3.3621376637796825
100,100,40,1,left,20,0.8,100,left,20,60,0,right,40,20,base,False,3.6366213350343175
100,100,40,2,left,20,0.8,100,right,20,60,0,left,40,20,base,False,4.498367441551108
100,100,40,4,right,20,0.8,100,right,20,60,0,base,40,20,left,False,4.776526740140256
100,100,60,1,left,40,1.0,100,left,20,40,0,right,20,0,base,False,2.5843962893842125
100,100,60,2,left,40,1.0,100,right,20,40,0,left,20,0,base,False,6.169555042488845
100,100,60,4,right,40,1.0,100,right,20,40,0,base,20,0,left,False,4.4328589231732805
100,100,80,1,left,40,1.0,100,left,20,40,0,right,20,0,base,False,2.8536026396217484
100,100,80,2,left,40,1.0,100,right,20,40,0,left,20,0,base,False,3.3373589076404646
100,100,80,4,right,40,1.0,100,right,20,40,0,base,20,0,left,False,1.8246741498490762
100,100,100,1,left,40,1.0,100,left,20,40,0,right,20,0,base,False,3.3603473083165225
100,100,100,2,left,40,1.0,100,right,20,40,0,left,20,0,base,False,3.8592095898626373
100,100,100,4,right,40,1.0,100,right,20,40,0,base,20,0,left,False,1.7974788399924648
