Visibility,VehicleStability,RoadSurface,PathInteraction,StartEgo,RoadFriction,StartOther,Cloudiness,WindIntensity,Wetness,FogDistance,GoalEgo,FogDensity,PrecipitationDeposits,GoalOther,Precipitation,Collision_Occurred,Min_TTC
0,0,0,1,left,0.2,base,80,60,40,60,right,40,80,left,100,False,5.776785288443526
0,0,0,2,right,0.2,base,80,60,40,60,left,40,80,left,100,False,3.2247565146795982
0,0,0,4,left,0.2,right,80,60,40,60,right,40,80,base,100,False,4.278522938088657
0,0,20,1,left,0.6,base,80,60,20,20,right,100,20,left,0,False,5.681202625724688
0,0,20,2,right,0.6,base,80,60,20,20,left,100,20,left,0,False,2.2916900385786723
0,0,20,4,left,0.6,right,80,60,20,20,right,100,20,base,0,False,4.456523938260402
0,0,40,1,left,0.1,base,20,40,20,60,right,80,60,left,40,False,6.1638317317337155
0,0,40,2,right,0.1,base,20,40,20,60,left,80,60,left,40,False,3.2664116272112405
0,0,40,4,left,0.1,right,20,40,20,60,right,80,60,base,40,False,4.451981181810412
0,0,60,1,left,0.2,base,100,0,40,60,right,60,100,left,80,False,4.464744923229792
0,0,60,2,right,0.2,base,100,0,40,60,left,60,100,left,80,False,2.824409559606986
0,0,60,4,left,0.2,right,100,0,40,60,right,60,100,base,80,False,3.1699482020027085
0,0,80,1,left,0.4,base,100,40,20,60,right,40,100,left,80,False,5.951664553821236
0,0,80,2,right,0.4,base,100,40,20,60,left,40,100,left,80,False,2.5663275332802735
0,0,80,4,left,0.4,right,100,40,20,60,right,40,100,base,80,False,4.953039550475649
0,0,100,1,left,0.6,base,80,20,20,60,right,40,80,left,80,False,6.663252164643838
0,0,100,2,right,0.6,base,80,20,20,60,left,40,80,left,80,False,2.7576508606882673
0,0,100,4,left,0.6,right,80,20,20,60,right,40,80,base,80,False,4.71379554068583
0,20,0,1,left,0.4,base,40,40,20,60,right,80,20,left,0,False,4.741469968720494
0,20,0,2,right,0.4,base,40,40,20,60,left,80,20,left,0,False,2.4292300975237224
0,20,0,4,left,0.4,right,40,40,20,60,right,80,20,base,0,False,2.1491387157724526
0,20,20,1,left,0.6,base,0,20,20,60,right,40,20,left,0,False,6.58664944713903
0,20,20,2,right,0.6,base,0,20,20,60,left,40,20,left,0,False,2.6438816547402575
0,20,20,4,left,0.6,right,0,20,20,60,right,40,20,base,0,False,4.8123587612599685
0,20,40,1,left,0.8,base,60,20,40,20,right,100,40,left,20,False,6.4168448896945165
0,20,40,2,right,0.8,base,60,20,40,20,left,100,40,left,20,False,3.5799730882576157
0,20,40,4,left,0.8,right,60,20,40,20,right,100,40,base,20,False,4.661686388476469
0,20,60,1,left,0.4,base,60,40,20,40,right,20,100,left,80,False,5.589007146615038
0,20,60,2,right,0.4,base,60,40,20,40,left,20,100,left,80,False,3.811379448924437
0,20,60,4,left,0.4,right,60,40,20,40,right,20,100,base,80,False,4.467549901196639
0,20,80,1,left,0.4,base,0,80,40,20,right,60,0,left,20,False,4.806884797046155
0,20,80,2,right,0.4,base,0,80,40,20,left,60,0,left,20,False,2.945616865551891
0,20,80,4,left,0.4,right,0,80,40,20,right,60,0,base,20,False,2.768620803453918
0,20,100,1,left,0.6,base,20,60,60,40,right,20,20,left,40,False,5.654255233886596
0,20,100,2,right,0.6,base,20,60,60,40,left,20,20,left,40,False,3.6714287981678053
0,20,100,4,left,0.6,right,20,60,60,40,right,20,20,base,40,False,4.377980934112719
0,40,0,1,left,0.1,base,20,60,60,0,right,60,20,left,40,False,5.367805333400678
0,40,0,2,right,0.1,base,20,60,60,0,left,60,20,left,40,True,2465.2956624236563
0,40,0,4,left,0.1,right,20,60,60,0,right,60,20,base,40,True,5319.080337180929
0,40,20,1,left,0.1,base,20,0,60,40,right,20,20,left,40,False,5.477573832859885
0,40,20,2,right,0.1,base,20,0,60,40,left,20,20,left,40,False,2.590710625029277
0,40,20,4,left,0.1,right,20,0,60,40,right,20,20,base,40,False,4.201593242638605
0,40,40,1,left,0.2,base,100,40,40,60,right,40,100,left,80,False,6.680381721089443
0,40,40,2,right,0.2,base,100,40,40,60,left,40,100,left,80,False,2.6168832176449697
0,40,40,4,left,0.2,right,100,40,40,60,right,40,100,base,80,True,9230.366058453666
0,40,60,1,left,0.2,base,0,40,40,40,right,80,20,left,20,False,5.878673277676697
0,40,60,2,right,0.2,base,0,40,40,40,left,80,20,left,20,False,3.0459060607492643
0,40,60,4,left,0.2,right,0,40,40,40,right,80,20,base,20,False,1.9851030540709822
0,40,80,1,left,0.4,base,40,0,60,20,right,100,60,left,40,False,5.005724856367567
0,40,80,2,right,0.4,base,40,0,60,20,left,100,60,left,40,False,3.6526717175028196
0,40,80,4,left,0.4,right,40,0,60,20,right,100,60,base,40,False,4.010821697197194
0,40,100,1,left,0.6,base,60,40,20,40,right,20,80,left,60,False,6.217710345316822
0,40,100,2,right,0.6,base,60,40,20,40,left,20,80,left,60,False,3.4422264081734837
0,40,100,4,left,0.6,right,60,40,20,40,right,20,80,base,60,True,4073.1591749605686
0,60,0,1,left,0.4,base,60,20,20,60,right,40,100,left,80,False,7.340389840746251
0,60,0,2,right,0.4,base,60,20,20,60,left,40,100,left,80,False,3.327119595769334
0,60,0,4,left,0.4,right,60,20,20,60,right,40,100,base,80,False,4.305982140764988
0,60,20,1,left,0.6,base,60,40,40,60,right,40,60,left,80,False,6.116020802131878
0,60,20,2,right,0.6,base,60,40,40,60,left,40,60,left,80,False,3.1698091742161076
0,60,20,4,left,0.6,right,60,40,40,60,right,40,60,base,80,False,3.590908299666712
0,60,40,1,left,0.8,base,80,40,20,60,right,60,20,left,0,False,6.049420429907392
0,60,40,2,right,0.8,base,80,40,20,60,left,60,20,left,0,False,3.0342812358243383
0,60,40,4,left,0.8,right,80,40,20,60,right,60,20,base,0,False,3.4708470271172787
0,60,60,1,left,0.2,base,40,20,80,20,right,40,40,left,60,False,6.451943871947971
0,60,60,2,right,0.2,base,40,20,80,20,left,40,40,left,60,True,9999.0
0,60,60,4,left,0.2,right,40,20,80,20,right,40,40,base,60,False,3.304797565905133
0,60,80,1,left,0.4,base,80,20,40,40,right,60,80,left,80,False,6.254064652956302
0,60,80,2,right,0.4,base,80,20,40,40,left,60,80,left,80,False,3.095230655509763
0,60,80,4,left,0.4,right,80,20,40,40,right,60,80,base,80,False,2.622572362492911
0,60,100,1,left,0.6,base,100,60,40,60,right,40,60,left,60,False,6.246836539938043
0,60,100,2,right,0.6,base,100,60,40,60,left,40,60,left,60,True,9999.0
0,60,100,4,left,0.6,right,100,60,40,60,right,40,60,base,60,False,4.569424969920275
0,80,0,1,left,0.4,base,60,0,20,60,right,60,20,left,0,False,6.465260880291749
0,80,0,2,right,0.4,base,60,0,20,60,left,60,20,left,0,False,3.065308791408413
0,80,0,4,left,0.4,right,60,0,20,60,right,60,20,base,0,False,3.150884680265385
0,80,20,1,left,0.6,base,60,40,40,60,right,40,60,left,80,False,6.220615651390511
0,80,20,2,right,0.6,base,60,40,40,60,left,40,60,left,80,True,9999.0
0,80,20,4,left,0.6,right,60,40,40,60,right,40,60,base,80,False,4.94400658415521
0,80,40,1,left,0.8,base,80,60,40,80,right,60,20,left,20,False,5.263418364631818
0,80,40,2,right,0.8,base,80,60,40,80,left,60,20,left,20,False,3.0400759773614974
0,80,40,4,left,0.8,right,80,60,40,80,right,60,20,base,20,False,3.9150792784805963
0,80,60,1,left,0.8,base,40,60,40,40,right,60,40,left,60,False,6.325054422561085
0,80,60,2,right,0.8,base,40,60,40,40,left,60,40,left,60,True,9999.0
0,80,60,4,left,0.8,right,40,60,40,40,right,60,40,base,60,False,3.3111980649820842
0,80,80,1,left,0.4,base,40,0,40,40,right,20,60,left,40,False,6.1660876832453475
0,80,80,2,right,0.4,base,40,0,40,40,left,20,60,left,40,False,3.0593882101612904
0,80,80,4,left,0.4,right,40,0,40,40,right,20,60,base,40,False,4.717732504320041
0,80,100,1,left,0.6,base,100,20,20,20,right,40,60,left,80,False,6.3177229711974805
0,80,100,2,right,0.6,base,100,20,20,20,left,40,60,left,80,False,3.008802956284387
0,80,100,4,left,0.6,right,100,20,20,20,right,40,60,base,80,False,4.391944596048226
0,100,0,1,left,0.1,left,0,0,0,0,left,0,0,left,0,False,1.195728285376104
0,100,0,2,left,0.1,left,0,0,0,0,left,0,0,left,0,False,5.314177425994718
0,100,0,4,left,0.1,left,0,0,0,0,left,0,0,left,0,False,2.552432700644287
0,100,20,1,left,0.1,left,0,0,0,0,left,0,0,left,0,False,6.207759140864101
0,100,20,2,left,0.1,left,0,0,0,0,left,0,0,left,0,False,1.1069240600654269
0,100,20,4,left,0.1,left,0,0,0,0,left,0,0,left,0,False,2.8469847095551364
0,100,40,1,left,0.8,base,20,20,60,60,right,60,20,left,40,False,6.024058849964346
0,100,40,2,right,0.8,base,20,20,60,60,left,60,20,left,40,False,3.2048490077045013
0,100,40,4,left,0.8,right,20,20,60,60,right,60,20,base,40,False,3.0845872916330332
0,100,60,1,left,1.0,base,80,0,20,0,right,60,20,left,0,False,5.663572957710931
0,100,60,2,right,1.0,base,80,0,20,0,left,60,20,left,0,True,2387.6814190919167
0,100,60,4,left,1.0,right,80,0,20,0,right,60,20,base,0,False,2.9915701178679273
0,100,80,1,left,0.8,base,0,0,40,20,right,20,40,left,20,False,5.997104951090965
0,100,80,2,right,0.8,base,0,0,40,20,left,20,40,left,20,False,2.0577437977832975
0,100,80,4,left,0.8,right,0,0,40,20,right,20,40,base,20,False,3.737265601284344
0,100,100,1,left,0.8,base,80,20,40,60,right,40,20,left,20,False,8.638792209224079
0,100,100,2,right,0.8,base,80,20,40,60,left,40,20,left,20,True,725.9318782811451
0,100,100,4,left,0.8,right,80,20,40,60,right,40,20,base,20,False,4.162370307218931
20,0,0,1,left,0.4,base,40,0,0,80,right,40,40,left,40,False,6.525150114827225
20,0,0,2,right,0.4,base,40,0,0,80,left,40,40,left,40,False,3.2537138258874583
20,0,0,4,left,0.4,right,40,0,0,80,right,40,40,base,40,False,4.294895600659162
20,0,20,1,left,0.4,base,40,20,40,60,right,60,80,left,60,False,6.325587272174607
20,0,20,2,right,0.4,base,40,20,40,60,left,60,80,left,60,False,3.4177113684502607
20,0,20,4,left,0.4,right,40,20,40,60,right,60,80,base,60,False,4.278445617082923
20,0,40,1,left,0.1,base,40,0,40,80,right,20,40,left,20,False,5.013721737108846
20,0,40,2,right,0.1,base,40,0,40,80,left,20,40,left,20,False,3.446280783364551
20,0,40,4,left,0.1,right,40,0,40,80,right,20,40,base,20,False,4.288286487946653
20,0,60,1,left,1.0,base,60,60,20,60,right,60,20,left,0,False,6.207673076007991
20,0,60,2,right,1.0,base,60,60,20,60,left,60,20,left,0,False,3.1202176582840564
20,0,60,4,left,1.0,right,60,60,20,60,right,60,20,base,0,False,2.879594771588683
20,0,80,1,left,0.4,base,100,20,20,40,right,60,100,left,80,False,5.449259987290654
20,0,80,2,right,0.4,base,100,20,20,40,left,60,100,left,80,False,2.595678664137901
20,0,80,4,left,0.4,right,100,20,20,40,right,60,100,base,80,False,3.3762704364765965
20,0,100,1,left,0.6,base,60,20,40,60,right,40,60,left,80,False,6.215529864663476
20,0,100,2,right,0.6,base,60,20,40,60,left,40,60,left,80,False,2.6465473204180867
20,0,100,4,left,0.6,right,60,20,40,60,right,40,60,base,80,False,2.928248555252168
20,20,0,1,left,0.4,base,0,40,0,0,right,60,40,left,20,False,4.499050399135507
20,20,0,2,right,0.4,base,0,40,0,0,left,60,40,left,20,False,2.4074556792221404
20,20,0,4,left,0.4,right,0,40,0,0,right,60,40,base,20,False,4.188584987721556
20,20,20,1,left,0.6,base,0,20,0,80,right,40,20,left,20,False,6.43897431590714
20,20,20,2,right,0.6,base,0,20,0,80,left,40,20,left,20,False,2.877901821811125
20,20,20,4,left,0.6,right,0,20,0,80,right,40,20,base,20,False,3.965982460244633
20,20,40,1,left,0.8,base,80,60,0,60,right,100,20,left,0,False,4.5982531148636445
20,20,40,2,right,0.8,base,80,60,0,60,left,100,20,left,0,False,2.9827023263859727
20,20,40,4,left,0.8,right,80,60,0,60,right,100,20,base,0,False,4.638372842682494
20,20,60,1,left,0.2,base,0,0,40,20,right,100,40,left,20,False,6.0085306362154265
20,20,60,2,right,0.2,base,0,0,40,20,left,100,40,left,20,False,2.720921005433279
20,20,60,4,left,0.2,right,0,0,40,20,right,100,40,base,20,False,4.8131124770881355
20,20,80,1,left,0.4,base,0,20,40,40,right,20,0,left,20,False,5.686500424042025
20,20,80,2,right,0.4,base,0,20,40,40,left,20,0,left,20,False,2.8644672818822983
20,20,80,4,left,0.4,right,0,20,40,40,right,20,0,base,20,False,4.287240670410258
20,20,100,1,left,0.6,base,60,20,20,20,right,20,80,left,60,False,6.362340791334241
20,20,100,2,right,0.6,base,60,20,20,20,left,20,80,left,60,False,3.2101275803057336
20,20,100,4,left,0.6,right,60,20,20,20,right,20,80,base,60,False,4.640724530258858
20,40,0,1,left,0.4,base,0,0,40,20,right,20,0,left,20,False,6.140821059864402
20,40,0,2,right,0.4,base,0,0,40,20,left,20,0,left,20,False,3.4122727957712846
20,40,0,4,left,0.4,right,0,0,40,20,right,20,0,base,20,False,4.942154777226376
20,40,20,1,left,0.1,base,60,40,20,80,right,20,60,left,80,False,6.361131579091811
20,40,20,2,right,0.1,base,60,40,20,80,left,20,60,left,80,False,3.593526648618111
20,40,20,4,left,0.1,right,60,40,20,80,right,20,60,base,80,False,3.189178516105137
20,40,40,1,left,0.1,base,60,0,20,0,right,60,100,left,80,False,5.622131956428543
20,40,40,2,right,0.1,base,60,0,20,0,left,60,100,left,80,False,3.1131746899879698
20,40,40,4,left,0.1,right,60,0,20,0,right,60,100,base,80,False,3.3079938157580693
20,40,60,1,left,0.2,base,20,80,20,80,right,40,40,left,40,False,5.825296545069759
20,40,60,2,right,0.2,base,20,80,20,80,left,40,40,left,40,False,3.2817790164704457
20,40,60,4,left,0.2,right,20,80,20,80,right,40,40,base,40,False,4.675621225169548
20,40,80,1,left,0.4,base,0,100,0,40,right,60,40,left,20,False,6.397131493152672
20,40,80,2,right,0.4,base,0,100,0,40,left,60,40,left,20,False,3.0387114826573147
20,40,80,4,left,0.4,right,0,100,0,40,right,60,40,base,20,False,2.817220534771265
20,40,100,1,left,0.6,base,20,80,20,20,right,80,20,left,0,False,6.063606299691112
20,40,100,2,right,0.6,base,20,80,20,20,left,80,20,left,0,False,2.952902505400596
20,40,100,4,left,0.6,right,20,80,20,20,right,80,20,base,0,False,3.417526135003275
20,60,0,1,left,0.4,base,40,40,80,60,right,0,40,left,60,False,6.144121371464202
20,60,0,2,right,0.4,base,40,40,80,60,left,0,40,left,60,False,4.277344328841837
20,60,0,4,left,0.4,right,40,40,80,60,right,0,40,base,60,False,3.634674866362176
20,60,20,1,left,0.6,base,80,80,0,60,right,80,20,left,0,False,5.188261613606401
20,60,20,2,right,0.6,base,80,80,0,60,left,80,20,left,0,False,2.4895449233803233
20,60,20,4,left,0.6,right,80,80,0,60,right,80,20,base,0,False,2.816496635280011
20,60,40,1,left,0.2,base,0,0,20,0,right,40,40,left,20,False,6.30154666955508
20,60,40,2,right,0.2,base,0,0,20,0,left,40,40,left,20,True,9999.0
20,60,40,4,left,0.2,right,0,0,20,0,right,40,40,base,20,False,4.977601787631772
20,60,60,1,left,1.0,base,20,80,0,80,right,20,60,left,40,False,6.169479360129879
20,60,60,2,right,1.0,base,20,80,0,80,left,20,60,left,40,False,3.6314485137787655
20,60,60,4,left,1.0,right,20,80,0,80,right,20,60,base,40,False,3.6351132561138995
20,60,80,1,left,0.4,base,100,20,40,60,right,20,80,left,100,False,6.436407355499806
20,60,80,2,right,0.4,base,100,20,40,60,left,20,80,left,100,False,3.5479493702360347
20,60,80,4,left,0.4,right,100,20,40,60,right,20,80,base,100,False,4.77369986238498
20,60,100,1,left,0.6,base,0,0,0,0,right,60,20,left,0,False,5.945241231576804
20,60,100,2,right,0.6,base,0,0,0,0,left,60,20,left,0,False,2.1673628627199806
20,60,100,4,left,0.6,right,0,0,0,0,right,60,20,base,0,False,2.981865936999175
20,80,0,1,left,0.4,base,80,0,20,0,right,60,20,left,0,False,4.683206632573997
20,80,0,2,right,0.4,base,80,0,20,0,left,60,20,left,0,False,3.0812442275402665
20,80,0,4,left,0.4,right,80,0,20,0,right,60,20,base,0,True,3134.0219346882614
20,80,20,1,left,0.4,base,0,0,40,80,right,20,0,left,20,False,6.26875169108011
20,80,20,2,right,0.4,base,0,0,40,80,left,20,0,left,20,False,4.543522925015915
20,80,20,4,left,0.4,right,0,0,40,80,right,20,0,base,20,False,3.387383514930801
20,80,40,1,left,0.6,base,100,40,20,0,right,60,80,left,80,False,6.281135478249996
20,80,40,2,right,0.6,base,100,40,20,0,left,60,80,left,80,False,2.8821209854057246
20,80,40,4,left,0.6,right,100,40,20,0,right,60,80,base,80,False,3.675696303008911
20,80,60,1,left,1.0,base,40,60,40,0,right,60,20,left,20,False,6.576867533562979
20,80,60,2,right,1.0,base,40,60,40,0,left,60,20,left,20,False,2.973964264336707
20,80,60,4,left,1.0,right,40,60,40,0,right,60,20,base,20,False,3.1351819000426193
20,80,80,1,left,0.4,base,20,0,0,20,right,20,40,left,20,False,5.830026090231553
20,80,80,2,right,0.4,base,20,0,0,20,left,20,40,left,20,False,2.9196818206738264
20,80,80,4,left,0.4,right,20,0,0,20,right,20,40,base,20,False,3.580226760594698
20,80,100,1,left,0.6,base,60,20,40,40,right,80,60,left,60,False,6.724553966057153
20,80,100,2,right,0.6,base,60,20,40,40,left,80,60,left,60,False,2.231509651410841
20,80,100,4,left,0.6,right,60,20,40,40,right,80,60,base,60,False,4.476286593139288
20,100,0,1,left,0.1,left,0,0,0,0,left,0,0,left,0,False,1.16879368222476
20,100,0,2,left,0.1,left,0,0,0,0,left,0,0,left,0,False,1.1934116899992373
20,100,0,4,left,0.1,left,0,0,0,0,left,0,0,left,0,False,2.933103690848833
20,100,20,1,left,0.1,left,0,0,0,0,left,0,0,left,0,False,1.1718121814370723
20,100,20,2,left,0.1,left,0,0,0,0,left,0,0,left,0,False,1.0729619038150886
20,100,20,4,left,0.1,left,0,0,0,0,left,0,0,left,0,False,2.684333037525074
20,100,40,1,left,0.8,base,20,20,60,60,right,0,20,left,40,False,6.594508841343793
20,100,40,2,right,0.8,base,20,20,60,60,left,0,20,left,40,False,3.259905628510485
20,100,40,4,left,0.8,right,20,20,60,60,right,0,20,base,40,False,4.134556408924766
20,100,60,1,left,1.0,base,40,40,20,0,right,60,20,left,0,False,5.82734131134573
20,100,60,2,right,1.0,base,40,40,20,0,left,60,20,left,0,False,3.8287678839018846
20,100,60,4,left,1.0,right,40,40,20,0,right,60,20,base,0,False,3.5710503247645278
20,100,80,1,left,0.8,base,60,20,20,60,right,0,60,left,80,False,5.762015677553909
20,100,80,2,right,0.8,base,60,20,20,60,left,0,60,left,80,False,3.7392126478633805
20,100,80,4,left,0.8,right,60,20,20,60,right,0,60,base,80,False,4.7913431285395545
20,100,100,1,left,0.8,base,80,0,0,60,right,60,20,left,0,False,5.394258648175176
20,100,100,2,right,0.8,base,80,0,0,60,left,60,20,left,0,False,3.2924982680711303
20,100,100,4,left,0.8,right,80,0,0,60,right,60,20,base,0,False,2.6693419009054327
40,0,0,1,left,0.1,base,20,20,60,40,right,0,20,left,40,False,5.958968623592973
40,0,0,2,right,0.1,base,20,20,60,40,left,0,20,left,40,False,3.208706185504009
40,0,0,4,left,0.1,right,20,20,60,40,right,0,20,base,40,False,4.230780160479228
40,0,20,1,left,0.2,base,60,0,40,100,right,20,100,left,80,False,7.0509660450709415
40,0,20,2,right,0.2,base,60,0,40,100,left,20,100,left,80,False,3.4358236034577887
40,0,20,4,left,0.2,right,60,0,40,100,right,20,100,base,80,False,4.1168968283810266
40,0,40,1,left,0.1,base,20,20,20,40,right,80,60,left,40,False,6.60275894733345
40,0,40,2,right,0.1,base,0,20,40,40,left,80,40,left,20,False,2.2655520873224986
40,0,40,4,left,0.1,right,20,20,20,40,right,80,60,base,40,False,4.51846170725746
40,0,60,1,left,0.4,base,0,0,20,40,right,60,20,left,0,False,5.543351392887282
40,0,60,2,right,0.4,base,0,0,20,40,left,60,20,left,0,False,2.355651251705507
40,0,60,4,left,0.4,right,0,0,20,40,right,60,20,base,0,False,3.0452136003178536
40,0,80,1,left,0.6,base,80,40,0,40,right,20,20,left,0,False,5.713764153263347
40,0,80,2,right,0.6,base,80,40,0,40,left,20,20,left,0,False,3.3364478116799354
40,0,80,4,left,0.6,right,80,40,0,40,right,20,20,base,0,False,4.624386631870524
40,0,100,1,left,0.6,base,60,20,20,60,right,40,80,left,80,False,6.338738130281848
40,0,100,2,right,0.6,base,60,20,20,60,left,40,80,left,80,False,3.2203558501655447
40,0,100,4,left,0.6,right,60,20,20,60,right,40,80,base,80,False,4.361297556100358
40,20,0,1,left,0.4,base,40,20,40,20,right,60,80,left,60,False,6.119325716183287
40,20,0,2,right,0.4,base,40,20,40,20,left,60,80,left,60,False,3.0428450185429146
40,20,0,4,left,0.4,right,40,20,40,20,right,60,80,base,60,False,4.548013997124345
40,20,20,1,left,0.6,base,80,20,20,100,right,20,80,left,60,False,6.352150398884189
40,20,20,2,right,0.6,base,80,20,20,100,left,20,80,left,60,False,3.410619336944796
40,20,20,4,left,0.6,right,80,20,20,100,right,20,80,base,60,False,4.819171223354216
40,20,40,1,left,0.1,base,20,20,60,60,right,60,20,left,40,False,6.133116836462559
40,20,40,2,right,0.1,base,20,20,60,60,left,60,20,left,40,False,3.334102768288936
40,20,40,4,left,0.1,right,20,20,60,60,right,60,20,base,40,False,2.8982919336176773
40,20,60,1,left,0.2,base,40,80,40,20,right,60,20,left,40,False,4.578044539092433
40,20,60,2,right,0.2,base,40,80,40,20,left,60,20,left,40,False,2.611717742617078
40,20,60,4,left,0.2,right,40,80,40,20,right,60,20,base,40,False,3.4136332933677167
40,20,80,1,left,0.4,base,0,20,20,20,right,40,20,left,0,False,6.130685257611018
40,20,80,2,right,0.4,base,0,20,20,20,left,40,20,left,0,False,2.55531644035799
40,20,80,4,left,0.4,right,0,20,20,20,right,40,20,base,0,False,4.262081037663703
40,20,100,1,left,0.6,base,20,0,20,40,right,20,0,left,20,False,7.582431892992868
40,20,100,2,right,0.6,base,20,0,20,40,left,20,0,left,20,False,4.038206490624274
40,20,100,4,left,0.6,right,20,0,20,40,right,20,0,base,20,False,4.459171837802138
40,40,0,1,left,0.1,base,20,20,60,40,right,0,20,left,40,False,6.156081076317362
40,40,0,2,right,0.1,base,20,20,60,40,left,0,20,left,40,False,3.3539586584563215
40,40,0,4,left,0.1,right,20,20,60,40,right,0,20,base,40,False,4.446110554708934
40,40,20,1,left,0.1,base,40,20,40,20,right,20,40,left,20,False,6.952187007531265
40,40,20,2,right,0.1,base,40,20,40,20,left,20,40,left,20,False,3.180714776648594
40,40,20,4,left,0.1,right,40,20,40,20,right,20,40,base,20,False,4.442347656811413
40,40,40,1,left,0.1,base,20,0,60,60,right,60,20,left,40,False,4.864079461850182
40,40,40,2,right,0.1,base,20,0,60,60,left,60,20,left,40,False,3.3840521689554772
40,40,40,4,left,0.1,right,20,0,60,60,right,60,20,base,40,False,2.8245919883930566
40,40,60,1,left,0.8,base,40,0,40,60,right,0,40,left,60,False,6.274752732931318
40,40,60,2,right,0.8,base,40,0,40,60,left,0,40,left,60,False,3.6785329335798584
40,40,60,4,left,0.8,right,40,0,40,60,right,0,40,base,60,False,3.6276144524178306
40,40,80,1,left,0.4,base,0,20,20,20,right,40,20,left,0,False,6.4229265508343225
40,40,80,2,right,0.4,base,0,20,20,20,left,40,20,left,0,False,2.597566744871275
40,40,80,4,left,0.4,right,0,20,20,20,right,40,20,base,0,False,4.4126020667463965
40,40,100,1,left,0.6,base,0,20,20,20,right,60,0,left,20,False,5.0980959034926165
40,40,100,2,right,0.6,base,0,20,20,20,left,60,0,left,20,False,3.165706601698169
40,40,100,4,left,0.6,right,0,20,20,20,right,60,0,base,20,True,9999.0
40,60,0,1,left,0.4,base,60,20,20,40,right,60,100,left,80,False,4.91693869455306
40,60,0,2,right,0.4,base,60,20,20,40,left,60,100,left,80,True,4.73651179672899
40,60,0,4,left,0.4,right,60,20,20,40,right,60,100,base,80,False,4.729604339745584
40,60,20,1,left,0.4,base,0,60,20,40,right,100,20,left,0,False,6.190907040929037
40,60,20,2,right,0.4,base,0,60,20,40,left,100,20,left,0,False,2.962649923706773
40,60,20,4,left,0.4,right,0,60,20,40,right,100,20,base,0,False,3.4252172111342047
40,60,40,1,left,0.8,base,40,0,40,40,right,80,40,left,60,False,6.080580888712071
40,60,40,2,right,0.8,base,40,0,40,40,left,80,40,left,60,False,2.4807396943492868
40,60,40,4,left,0.8,right,40,0,40,40,right,80,40,base,60,False,5.120760312113044
40,60,60,1,left,0.2,base,20,20,60,40,right,60,20,left,40,False,5.3421321871007486
40,60,60,2,right,0.2,base,20,20,60,40,left,60,20,left,40,False,2.380853577831247
40,60,60,4,left,0.2,right,20,20,60,40,right,60,20,base,40,False,3.1547561757787475
40,60,80,1,left,0.4,base,60,20,20,100,right,20,80,left,80,False,5.984018366333018
40,60,80,2,right,0.4,base,60,20,20,100,left,20,80,left,80,False,3.715121472038858
40,60,80,4,left,0.4,right,60,20,20,100,right,20,80,base,80,False,4.868077612395691
40,60,100,1,left,0.6,base,60,60,20,80,right,60,0,left,20,False,6.0035821752596314
40,60,100,2,right,0.6,base,60,60,20,80,left,60,0,left,20,False,3.1508410149763324
40,60,100,4,left,0.6,right,60,60,20,80,right,60,0,base,20,False,4.379284680262896
40,80,0,1,left,0.4,base,60,0,20,40,right,80,100,left,80,False,5.75156726385234
40,80,0,2,right,0.4,base,60,0,20,40,left,80,100,left,80,False,3.0780959518224287
40,80,0,4,left,0.4,right,60,0,20,40,right,80,100,base,80,False,4.759531756677981
40,80,20,1,left,0.4,base,80,0,20,60,right,60,20,left,0,False,5.54027250585915
40,80,20,2,right,0.4,base,80,0,20,60,left,60,20,left,0,False,3.2012449324552024
40,80,20,4,left,0.4,right,80,0,20,60,right,60,20,base,0,False,3.412485337447073
40,80,40,1,left,0.6,base,80,40,0,40,right,100,20,left,0,False,4.517120600604821
40,80,40,2,right,0.6,base,80,40,0,40,left,100,20,left,0,False,2.605402849446706
40,80,40,4,left,0.6,right,80,40,0,40,right,100,20,base,0,False,4.743920038085391
40,80,60,1,left,0.4,base,0,0,20,20,right,60,20,left,0,False,6.168510621057423
40,80,60,2,right,0.4,base,0,0,20,20,left,60,20,left,0,False,2.4534999774893484
40,80,60,4,left,0.4,right,0,0,20,20,right,60,20,base,0,False,3.7776774560082576
40,80,80,1,left,0.6,base,60,40,40,100,right,20,60,left,80,False,5.919242620215702
40,80,80,2,right,0.6,base,60,40,40,100,left,20,60,left,80,False,3.3416822607130143
40,80,80,4,left,0.6,right,60,40,40,100,right,20,60,base,80,False,4.086605216753853
40,80,100,1,left,0.6,base,100,20,60,20,right,20,40,left,60,False,6.320120558019906
40,80,100,2,right,0.6,base,100,20,60,20,left,20,40,left,60,False,3.6180509877184703
40,80,100,4,left,0.6,right,100,20,60,20,right,20,40,base,60,True,3727.8286824065544
40,100,0,1,left,0.1,left,0,0,0,0,left,0,0,left,0,False,1.237081207057298
40,100,0,2,left,0.1,left,0,0,0,0,left,0,0,left,0,False,6.296736812549897
40,100,0,4,left,0.1,left,0,0,0,0,left,0,0,left,0,False,3.1306822728069887
40,100,20,1,left,0.1,left,0,0,0,0,left,0,0,left,0,False,1.55975368950887
40,100,20,2,left,0.1,left,0,0,0,0,left,0,0,left,0,False,5.620096233579632
40,100,20,4,left,0.1,left,0,0,0,0,left,0,0,left,0,False,3.402028382096073
40,100,40,1,left,0.8,base,80,20,40,40,right,100,40,left,20,False,6.183467448732314
40,100,40,2,right,0.8,base,80,20,40,40,left,100,40,left,20,False,3.0591568799614697
40,100,40,4,left,0.8,right,80,20,40,40,right,100,40,base,20,False,5.151892168366377
40,100,60,1,left,1.0,base,0,20,40,20,right,20,0,left,20,False,6.396562971326609
40,100,60,2,right,1.0,base,0,20,40,20,left,20,0,left,20,False,3.4288984304658983
40,100,60,4,left,1.0,right,0,20,40,20,right,20,0,base,20,False,4.6799379977442275
40,100,80,1,left,0.8,base,80,20,40,40,right,100,40,left,20,False,6.274130921377528
40,100,80,2,right,0.8,base,80,20,40,40,left,100,40,left,20,False,2.9725110289452523
40,100,80,4,left,0.8,right,80,20,40,40,right,100,40,base,20,False,3.921823295764093
40,100,100,1,left,0.8,base,0,20,40,60,right,60,40,left,20,False,6.2288831571728
40,100,100,2,right,0.8,base,0,20,40,60,left,60,40,left,20,False,2.6575119747939935
40,100,100,4,left,0.8,right,0,20,40,60,right,60,40,base,20,False,4.5577476355462
60,0,0,1,left,0.4,base,0,100,40,40,right,40,20,left,20,False,6.667901843452902
60,0,0,2,right,0.4,base,0,100,40,40,left,40,20,left,20,False,2.8931537031333874
60,0,0,4,left,0.4,right,0,100,40,40,right,40,20,base,20,False,4.8922566222114705
60,0,20,1,left,0.6,base,20,40,0,100,right,20,20,left,0,False,5.91776736997882
60,0,20,2,right,0.6,base,20,40,0,100,left,20,20,left,0,False,3.576305487123722
60,0,20,4,left,0.6,right,20,40,0,100,right,20,20,base,0,False,1.8116249988727227
60,0,40,1,left,0.1,base,60,0,20,40,right,0,100,left,80,False,6.182488553137188
60,0,40,2,right,0.1,base,60,0,20,40,left,0,100,left,80,False,4.18109215386474
60,0,40,4,left,0.1,right,60,0,20,40,right,0,100,base,80,False,4.512909360199872
60,0,60,1,left,1.0,base,0,80,20,60,right,20,20,left,0,False,4.780467618164421
60,0,60,2,right,1.0,base,0,80,20,60,left,20,20,left,0,False,3.3337557225139896
60,0,60,4,left,1.0,right,0,80,20,60,right,20,20,base,0,False,4.52462889467384
60,0,80,1,left,0.4,base,80,100,20,60,right,20,20,left,0,False,7.103270980497018
60,0,80,2,right,0.4,base,80,100,20,60,left,20,20,left,0,False,2.7518338783832745
60,0,80,4,left,0.4,right,80,100,20,60,right,20,20,base,0,False,3.6742638610356706
60,0,100,1,left,0.6,base,0,60,20,60,right,80,20,left,0,False,5.374159647104339
60,0,100,2,right,0.6,base,0,60,20,60,left,80,20,left,0,False,3.0594257649574126
60,0,100,4,left,0.6,right,0,60,20,60,right,80,20,base,0,False,2.6445305372398895
60,20,0,1,left,0.1,base,40,40,20,60,right,80,60,left,40,False,6.166241091917084
60,20,0,2,right,0.1,base,40,40,20,60,left,80,60,left,40,True,9999.0
60,20,0,4,left,0.1,right,40,40,20,60,right,80,60,base,40,False,4.632416993326102
60,20,20,1,left,0.6,base,0,20,20,60,right,60,20,left,0,False,6.922471029152098
60,20,20,2,right,0.6,base,0,20,20,60,left,60,20,left,0,False,2.542410327902263
60,20,20,4,left,0.6,right,0,20,20,60,right,60,20,base,0,False,4.776389848293431
60,20,40,1,left,0.2,base,60,100,80,60,right,20,60,left,80,False,6.13968688794055
60,20,40,2,right,0.2,base,60,100,80,60,left,20,60,left,80,False,3.255578875964341
60,20,40,4,left,0.2,right,60,100,80,60,right,20,60,base,80,False,4.3262840070591935
60,20,60,1,left,0.8,base,40,20,40,100,right,20,40,left,60,False,6.345584684766875
60,20,60,2,right,0.8,base,40,20,40,100,left,20,40,left,60,False,3.1680647969553903
60,20,60,4,left,0.8,right,40,20,40,100,right,20,40,base,60,False,3.669524564140015
60,20,80,1,left,0.6,base,60,20,20,80,right,40,80,left,80,False,7.266045299517011
60,20,80,2,right,0.6,base,60,20,20,80,left,40,80,left,80,False,3.449038159685352
60,20,80,4,left,0.6,right,60,20,20,80,right,40,80,base,80,False,4.650645634480273
60,20,100,1,left,0.6,base,80,40,40,60,right,40,60,left,80,False,6.226246495506984
60,20,100,2,right,0.6,base,80,40,40,60,left,40,60,left,80,False,2.8041324027148398
60,20,100,4,left,0.6,right,80,40,40,60,right,40,60,base,80,False,3.154025714141067
60,40,0,1,left,0.2,base,80,20,40,40,right,60,100,left,80,False,6.166125269937839
60,40,0,2,right,0.2,base,80,20,40,40,left,60,100,left,80,False,3.0981611647960383
60,40,0,4,left,0.2,right,80,20,40,40,right,60,100,base,80,False,2.8963425696243346
60,40,20,1,left,0.6,base,80,20,20,40,right,60,80,left,80,False,6.226963608472474
60,40,20,2,right,0.6,base,80,20,20,40,left,60,80,left,80,False,3.4263502843961424
60,40,20,4,left,0.6,right,80,20,20,40,right,60,80,base,80,False,5.0484712266733345
60,40,40,1,left,0.2,base,80,80,40,80,right,40,100,left,80,False,6.208723681966937
60,40,40,2,right,0.2,base,80,80,40,80,left,40,100,left,80,False,3.6896740722498107
60,40,40,4,left,0.2,right,80,80,40,80,right,40,100,base,80,False,4.781267639140946
60,40,60,1,left,0.2,base,80,0,40,100,right,20,80,left,100,False,5.7187265998226575
60,40,60,2,right,0.2,base,80,0,40,100,left,20,80,left,100,False,3.5574830919642233
60,40,60,4,left,0.2,right,80,0,40,100,right,20,80,base,100,False,4.190740686704579
60,40,80,1,left,0.4,base,0,60,20,80,right,60,20,left,0,False,6.278387555571679
60,40,80,2,right,0.4,base,0,60,20,80,left,60,20,left,0,False,4.057315260366188
60,40,80,4,left,0.4,right,0,60,20,80,right,60,20,base,0,False,4.768603667323438
60,40,100,1,left,0.6,base,40,20,20,40,right,60,60,left,60,False,6.330532776891105
60,40,100,2,right,0.6,base,40,20,20,40,left,60,60,left,60,True,9999.0
60,40,100,4,left,0.6,right,40,20,20,40,right,60,60,base,60,False,4.038099244411691
60,60,0,1,left,0.4,base,60,0,20,60,right,60,100,left,80,False,6.333013531867045
60,60,0,2,right,0.4,base,60,0,20,60,left,60,100,left,80,False,2.501338054093412
60,60,0,4,left,0.4,right,60,0,20,60,right,60,100,base,80,False,4.3864802892524875
60,60,20,1,left,0.4,base,20,60,60,60,right,60,60,left,40,False,6.265147065507373
60,60,20,2,right,0.4,base,20,60,60,60,left,60,60,left,40,False,2.4696021505686887
60,60,20,4,left,0.4,right,20,60,60,60,right,60,60,base,40,False,3.224360833584734
60,60,40,1,left,0.8,base,40,80,40,40,right,40,40,left,60,False,6.26612346221971
60,60,40,2,right,0.8,base,40,80,40,40,left,40,40,left,60,True,3.9516576734718374
60,60,40,4,left,0.8,right,40,80,40,40,right,40,40,base,60,False,3.4463276768879743
60,60,60,1,left,1.0,base,80,100,40,40,right,60,20,left,20,False,4.840627506039113
60,60,60,2,right,1.0,base,80,100,40,40,left,60,20,left,20,False,3.0989164681036585
60,60,60,4,left,1.0,right,80,100,40,40,right,60,20,base,20,False,3.349540431959886
60,60,80,1,left,0.4,base,40,0,40,40,right,20,0,left,20,False,7.138958403024764
60,60,80,2,right,0.4,base,20,0,0,60,left,60,40,left,40,True,2426.6413299838514
60,60,80,4,left,0.4,right,40,0,40,40,right,20,0,base,20,False,3.1667534107945836
60,60,100,1,left,0.6,base,20,80,0,80,right,20,20,left,40,False,6.1585746305958615
60,60,100,2,right,0.6,base,20,80,0,80,left,20,20,left,40,False,4.019461946972781
60,60,100,4,left,0.6,right,20,80,0,80,right,20,20,base,40,False,4.523434755210463
60,80,0,1,left,0.4,base,80,0,20,60,right,60,20,left,0,False,6.465764284706002
60,80,0,2,right,0.4,base,80,0,20,60,left,60,20,left,0,False,3.106598122459363
60,80,0,4,left,0.4,right,80,0,20,60,right,60,20,base,0,False,3.0948541601314203
60,80,20,1,left,0.6,base,0,40,20,60,right,80,0,left,20,False,5.124982756924726
60,80,20,2,right,0.6,base,0,40,20,60,left,80,0,left,20,False,2.9412502012956097
60,80,20,4,left,0.6,right,0,40,20,60,right,80,0,base,20,False,3.5047487636826897
60,80,40,1,left,0.8,base,0,60,40,40,right,20,40,left,20,False,5.211407026113276
60,80,40,2,right,0.8,base,0,60,40,40,left,20,40,left,20,False,3.6897401004439527
60,80,40,4,left,0.8,right,0,60,40,40,right,20,40,base,20,False,4.756397408633712
60,80,60,1,left,1.0,base,0,40,40,60,right,0,0,left,20,False,5.432092308844283
60,80,60,2,right,1.0,base,0,40,40,60,left,0,0,left,20,False,4.508657518369725
60,80,60,4,left,1.0,right,0,40,40,60,right,0,0,base,20,False,3.869933781603974
60,80,80,1,left,0.4,base,100,0,60,40,right,60,60,left,40,False,6.145676987185884
60,80,80,2,right,0.4,base,100,0,60,40,left,60,60,left,40,False,3.495780326559553
60,80,80,4,left,0.4,right,100,0,60,40,right,60,60,base,40,False,4.836132331785199
60,80,100,1,left,0.6,base,40,40,60,80,right,0,40,left,40,False,6.300336200460174
60,80,100,2,right,0.6,base,0,40,0,80,left,0,40,left,20,False,3.756748134532962
60,80,100,4,left,0.6,right,40,40,60,80,right,0,40,base,40,False,4.375349653787666
60,100,0,1,left,0.1,left,0,0,0,0,left,0,0,left,0,False,1.1788431804910537
60,100,0,2,left,0.1,left,0,0,0,0,left,0,0,left,0,False,4.155171999930692
60,100,0,4,left,0.1,left,0,0,0,0,left,0,0,left,0,False,3.2721143639746093
60,100,20,1,left,0.1,left,0,0,0,0,left,0,0,left,0,False,1.1762608103737504
60,100,20,2,left,0.1,left,0,0,0,0,left,0,0,left,0,False,6.209909042341371
60,100,20,4,left,0.1,left,0,0,0,0,left,0,0,left,0,False,3.3466428893360067
60,100,40,1,left,0.8,base,60,20,20,60,right,60,60,left,80,False,5.734945858638133
60,100,40,2,right,0.8,base,60,20,20,60,left,60,60,left,80,True,9999.0
60,100,40,4,left,0.8,right,60,20,20,60,right,60,60,base,80,False,4.880508451348493
60,100,60,1,left,1.0,base,100,40,0,60,right,80,60,left,40,False,6.179340780186405
60,100,60,2,right,1.0,base,100,40,0,60,left,80,60,left,40,False,2.845737761464954
60,100,60,4,left,1.0,right,100,40,0,60,right,80,60,base,40,False,4.840525820391111
60,100,80,1,left,0.8,base,60,20,20,60,right,60,60,left,80,False,6.06983994144028
60,100,80,2,right,0.8,base,60,20,20,60,left,60,60,left,80,False,2.210750101978773
60,100,80,4,left,0.8,right,60,20,20,60,right,60,60,base,80,False,4.945299072006644
60,100,100,1,left,0.8,base,20,20,0,40,right,0,20,left,40,False,5.919555156757808
60,100,100,2,right,0.8,base,20,20,0,40,left,0,20,left,40,False,3.668547034645986
60,100,100,4,left,0.8,right,20,20,0,40,right,0,20,base,40,False,3.50218219474345
80,0,0,1,left,0.4,base,100,80,40,80,right,0,80,left,100,False,5.785861209246796
80,0,0,2,right,0.4,base,100,80,40,80,left,0,80,left,100,False,3.063382380160668
80,0,0,4,left,0.4,right,100,80,40,80,right,0,80,base,100,False,5.237871726452838
80,0,20,1,left,0.2,base,20,80,60,80,right,60,60,left,40,False,6.946399047702532
80,0,20,2,right,0.2,base,20,80,60,80,left,60,60,left,40,False,2.962522171974885
80,0,20,4,left,0.2,right,20,80,60,80,right,60,60,base,40,False,3.4314296592865947
80,0,40,1,left,0.2,base,60,20,80,80,right,40,60,left,80,False,6.021856929238826
80,0,40,2,right,0.2,base,60,20,80,80,left,40,60,left,80,False,3.658842949587677
80,0,40,4,left,0.2,right,60,20,80,80,right,40,60,base,80,False,4.282999116662865
80,0,60,1,left,0.4,base,0,60,0,80,right,60,40,left,20,False,6.162831918243392
80,0,60,2,right,0.4,base,0,60,0,80,left,60,40,left,20,False,3.6165835314174535
80,0,60,4,left,0.4,right,0,60,0,80,right,60,40,base,20,False,3.6637088234283186
80,0,80,1,left,0.4,base,80,40,40,80,right,20,80,left,100,False,6.397078304458202
80,0,80,2,right,0.4,base,80,40,40,80,left,20,80,left,100,False,3.4040144512154953
80,0,80,4,left,0.4,right,80,40,40,80,right,20,80,base,100,False,4.323413265933309
80,0,100,1,left,0.8,base,0,40,40,80,right,20,40,left,20,False,6.298008515547316
80,0,100,2,right,0.8,base,0,40,40,80,left,20,40,left,20,False,3.0822185510036504
80,0,100,4,left,0.8,right,0,40,40,80,right,20,40,base,20,False,4.586469719065081
80,20,0,1,left,0.2,base,20,100,0,60,right,20,60,left,40,False,6.1307648457411394
80,20,0,2,right,0.2,base,20,100,0,60,left,20,60,left,40,False,3.2130816678293392
80,20,0,4,left,0.2,right,20,100,0,60,right,20,60,base,40,False,4.403455123137759
80,20,20,1,left,0.6,base,60,20,20,60,right,20,80,left,80,False,5.774005725589139
80,20,20,2,right,0.6,base,60,20,20,60,left,20,80,left,80,False,3.8575431933154882
80,20,20,4,left,0.6,right,60,20,20,60,right,20,80,base,80,False,4.4583262917056565
80,20,40,1,left,0.8,base,60,20,0,60,right,40,20,left,0,False,6.614611095788664
80,20,40,2,right,0.8,base,60,20,0,60,left,40,20,left,0,False,2.7753225666622834
80,20,40,4,left,0.8,right,60,20,0,60,right,40,20,base,0,False,4.362621355576216
80,20,60,1,left,0.4,base,60,40,20,60,right,20,100,left,80,False,6.084017786130419
80,20,60,2,right,0.4,base,60,40,20,60,left,20,100,left,80,False,3.2261679130955967
80,20,60,4,left,0.4,right,60,40,20,60,right,20,100,base,80,False,4.854391554842425
80,20,80,1,left,0.6,base,80,20,20,80,right,40,80,left,80,False,6.944291032876999
80,20,80,2,right,0.6,base,80,20,20,80,left,40,80,left,80,False,3.203038289908901
80,20,80,4,left,0.6,right,80,20,20,80,right,40,80,base,80,False,3.891775314414521
80,20,100,1,left,0.6,base,20,20,20,100,right,20,0,left,20,False,5.933951362639691
80,20,100,2,right,0.6,base,20,20,20,100,left,20,0,left,20,False,4.106674101930451
80,20,100,4,left,0.6,right,20,20,20,100,right,20,0,base,20,False,4.125394600691464
80,40,0,1,left,0.4,base,40,100,20,60,right,20,20,left,0,False,6.4156980318043
80,40,0,2,right,0.4,base,40,100,20,60,left,20,20,left,0,False,3.5794829896310665
80,40,0,4,left,0.4,right,40,100,20,60,right,20,20,base,0,False,3.8286039961263194
80,40,20,1,left,0.6,base,60,80,20,80,right,0,20,left,0,False,6.240554957542982
80,40,20,2,right,0.6,base,60,80,20,80,left,0,20,left,0,False,3.5009442390897285
80,40,20,4,left,0.6,right,60,80,20,80,right,0,20,base,0,False,4.409157643369541
80,40,40,1,left,0.1,base,20,0,20,80,right,40,60,left,40,False,5.882538725368256
80,40,40,2,right,0.1,base,20,0,20,80,left,40,60,left,40,False,3.5188153678439793
80,40,40,4,left,0.1,right,20,0,20,80,right,40,60,base,40,False,4.517613712866309
80,40,60,1,left,0.2,base,0,20,40,100,right,20,20,left,20,False,5.730789524357154
80,40,60,2,right,0.2,base,0,20,40,100,left,20,20,left,20,False,3.5664758702752044
80,40,60,4,left,0.2,right,0,20,40,100,right,20,20,base,20,False,3.905561348528939
80,40,80,1,left,1.0,base,80,0,40,80,right,20,20,left,20,False,6.4763448353988915
80,40,80,2,right,1.0,base,80,0,40,80,left,20,20,left,20,False,3.6824624584237555
80,40,80,4,left,1.0,right,80,0,40,80,right,20,20,base,20,False,4.7942529324063266
80,40,100,1,left,0.6,base,0,0,0,60,right,20,40,left,20,False,5.120832953855761
80,40,100,2,right,0.6,base,0,0,0,60,left,20,40,left,20,False,3.7169261509080895
80,40,100,4,left,0.6,right,0,0,0,60,right,20,40,base,20,False,4.883670034430621
80,60,0,1,left,0.4,base,40,60,40,80,right,60,80,left,60,False,6.427983034145392
80,60,0,2,right,0.4,base,40,60,40,80,left,60,80,left,60,False,2.6567967011098044
80,60,0,4,left,0.4,right,40,60,40,80,right,60,80,base,60,False,4.613849397930905
80,60,20,1,left,0.6,base,60,80,20,60,right,40,80,left,80,False,6.367098821576285
80,60,20,2,right,0.6,base,60,80,20,60,left,40,80,left,80,False,3.31013370158483
80,60,20,4,left,0.6,right,60,80,20,60,right,40,80,base,80,True,3458.1483851315757
80,60,40,1,left,0.8,base,60,40,20,60,right,40,60,left,80,False,6.405239381461891
80,60,40,2,right,0.8,base,60,40,20,60,left,40,60,left,80,True,9999.0
80,60,40,4,left,0.8,right,60,40,20,60,right,40,60,base,80,False,4.715296409086751
80,60,60,1,left,0.2,base,20,20,60,100,right,20,60,left,40,False,5.501392162330624
80,60,60,2,right,0.2,base,20,20,60,100,left,20,60,left,40,False,3.0258255025049077
80,60,60,4,left,0.2,right,20,20,60,100,right,20,60,base,40,True,2565.3631876556274
80,60,80,1,left,0.4,base,40,60,40,60,right,20,80,left,60,False,6.250778869409157
80,60,80,2,right,0.4,base,40,60,40,60,left,20,80,left,60,False,4.053595051860019
80,60,80,4,left,0.4,right,40,60,40,60,right,20,80,base,60,False,4.072812182029708
80,60,100,1,left,0.6,base,20,0,60,60,right,20,20,left,40,False,5.568191535996176
80,60,100,2,right,0.6,base,20,0,60,60,left,20,20,left,40,False,3.795007940577012
80,60,100,4,left,0.6,right,20,0,60,60,right,20,20,base,40,False,4.332173205522001
80,80,0,1,left,0.4,base,80,0,40,80,right,40,80,left,100,False,6.741148921804655
80,80,0,2,right,0.4,base,80,0,40,80,left,40,80,left,100,False,3.335694989566494
80,80,0,4,left,0.4,right,80,0,40,80,right,40,80,base,100,True,3706.8762291078046
80,80,20,1,left,0.6,base,80,20,20,80,right,40,20,left,0,False,6.363916060109567
80,80,20,2,right,0.6,base,80,20,20,80,left,40,20,left,0,False,3.320597560986877
80,80,20,4,left,0.6,right,80,20,20,80,right,40,20,base,0,False,4.631004090883398
80,80,40,1,left,0.8,base,20,60,0,80,right,60,20,left,40,False,6.2750055040072
80,80,40,2,right,0.8,base,20,60,0,80,left,60,20,left,40,False,3.831882439324003
80,80,40,4,left,0.8,right,20,60,0,80,right,60,20,base,40,False,4.479009637523706
80,80,60,1,left,0.4,base,100,0,40,80,right,40,80,left,100,False,6.51087858171888
80,80,60,2,right,1.0,base,80,20,20,60,left,40,20,left,0,False,3.192305355012101
80,80,60,4,left,1.0,right,80,20,20,60,right,40,20,base,0,False,3.687533171484784
80,80,80,1,left,1.0,base,20,60,0,80,right,60,40,left,40,False,8.120116103273078
80,80,80,2,right,1.0,base,20,60,0,80,left,60,40,left,40,False,4.002174727883602
80,80,80,4,left,1.0,right,20,60,0,80,right,60,40,base,40,False,4.220076262757342
80,80,100,1,left,0.6,base,80,40,20,60,right,0,80,left,80,False,6.265139961954557
80,80,100,2,right,0.6,base,80,40,20,60,left,0,80,left,80,False,3.9324046328766515
80,80,100,4,left,0.6,right,80,40,20,60,right,0,80,base,80,False,3.7344594752336584
80,100,0,1,left,0.1,left,0,0,0,0,left,0,0,left,0,False,1.3609606026187646
80,100,0,2,left,0.1,left,0,0,0,0,left,0,0,left,0,False,1.1858583425069844
80,100,0,4,left,0.1,left,0,0,0,0,left,0,0,left,0,False,3.0212822480636587
80,100,20,1,left,0.1,left,0,0,0,0,left,0,0,left,0,False,1.1292100281188393
80,100,20,2,left,0.1,left,0,0,0,0,left,0,0,left,0,False,1.10152826919666
80,100,20,4,left,0.1,left,0,0,0,0,left,0,0,left,0,False,2.7329410187701746
80,100,40,1,left,0.8,base,60,20,20,80,right,40,60,left,80,False,6.637973096357969
80,100,40,2,right,0.8,base,60,20,20,80,left,40,60,left,80,False,2.989337429209297
80,100,40,4,left,0.8,right,60,20,20,80,right,40,60,base,80,False,4.475961580348531
80,100,60,1,left,1.0,base,80,40,20,60,right,20,20,left,0,False,6.170363124829706
80,100,60,2,right,1.0,base,80,40,20,60,left,20,20,left,0,False,3.1931951493821003
80,100,60,4,left,1.0,right,80,40,20,60,right,20,20,base,0,False,4.4625719288087735
80,100,80,1,left,1.0,base,80,40,20,60,right,20,20,left,0,False,6.084705892026163
80,100,80,2,right,1.0,base,80,40,20,60,left,20,20,left,0,False,4.199691396526641
80,100,80,4,left,1.0,right,80,40,20,60,right,20,20,base,0,True,2622.811497782146
80,100,100,1,left,0.8,base,20,20,60,60,right,0,20,left,40,False,6.345825593347736
80,100,100,2,right,0.8,base,20,20,60,60,left,0,20,left,40,False,3.103275736369623
80,100,100,4,left,0.8,right,20,20,60,60,right,0,20,base,40,False,4.580992946651914
100,0,0,1,left,0.2,base,20,60,0,80,right,0,60,left,40,False,5.888140058036985
100,0,0,2,right,0.2,base,20,60,0,80,left,0,60,left,40,False,3.665234777382608
100,0,0,4,left,0.2,right,20,60,0,80,right,0,60,base,40,False,3.2004737692832763
100,0,20,1,left,0.2,base,20,0,60,100,right,20,60,left,40,False,5.275687576895353
100,0,20,2,right,0.2,base,20,0,60,100,left,20,60,left,40,False,3.3398527742417823
100,0,20,4,left,0.2,right,20,0,60,100,right,20,60,base,40,True,1357.0085100380816
100,0,40,1,left,0.8,base,40,40,40,100,right,20,0,left,20,False,5.918591806931115
100,0,40,2,right,0.8,base,40,40,40,100,left,20,0,left,20,False,4.435883793837924
100,0,40,4,left,0.8,right,40,40,40,100,right,20,0,base,20,False,4.90746070446796
100,0,60,1,left,1.0,base,0,60,0,100,right,20,40,left,20,False,6.0406138624378745
100,0,60,2,right,1.0,base,0,60,0,100,left,20,40,left,20,False,3.6403155317360976
100,0,60,4,left,1.0,right,0,60,0,100,right,20,40,base,20,False,4.534135598826531
100,0,80,1,left,0.4,base,0,40,0,80,right,0,40,left,20,False,5.949411326411504
100,0,80,2,right,0.4,base,0,40,0,80,left,0,40,left,20,False,2.7907178702142543
100,0,80,4,left,0.4,right,0,40,0,80,right,0,40,base,20,False,1.74871783079251
100,0,100,1,left,0.6,base,60,40,20,100,right,20,80,left,80,False,6.229510730169462
100,0,100,2,right,0.6,base,60,40,20,100,left,20,80,left,80,False,3.8600022063493817
100,0,100,4,left,0.6,right,60,40,20,100,right,20,80,base,80,False,4.469432365425673
100,20,0,1,left,0.4,base,20,0,0,100,right,20,40,left,20,False,6.124435727892069
100,20,0,2,right,0.4,base,20,0,0,100,left,20,40,left,20,False,3.4630619471904587
100,20,0,4,left,0.4,right,20,0,0,100,right,20,40,base,20,False,2.1142334681523427
100,20,20,1,left,0.6,base,80,20,20,100,right,20,80,left,60,False,6.209141195552697
100,20,20,2,right,0.6,base,80,20,20,100,left,20,80,left,60,False,3.5136887341757714
100,20,20,4,left,0.6,right,80,20,20,100,right,20,80,base,60,False,4.527153166387224
100,20,40,1,left,0.1,base,20,40,40,80,right,0,40,left,20,False,5.787209208608114
100,20,40,2,right,0.8,base,20,40,0,100,left,20,20,left,40,False,3.4243359754030185
100,20,40,4,left,0.1,right,20,40,40,80,right,0,40,base,20,False,4.562111568589921
100,20,60,1,left,0.4,base,80,100,20,100,right,20,100,left,80,False,6.509869828728805
100,20,60,2,right,0.4,base,80,100,20,100,left,20,100,left,80,False,3.5346704769699393
100,20,60,4,left,0.4,right,80,100,20,100,right,20,100,base,80,False,4.210176213973395
100,20,80,1,left,0.4,base,20,0,0,100,right,20,40,left,20,False,7.17147592147023
100,20,80,2,right,0.4,base,20,0,0,100,left,20,40,left,20,False,3.3148715595438083
100,20,80,4,left,0.4,right,20,0,0,100,right,20,40,base,20,False,4.4189569274292655
100,20,100,1,left,0.8,base,0,40,40,80,right,0,20,left,20,False,6.029963552222906
100,20,100,2,right,0.8,base,0,40,40,80,left,0,20,left,20,False,3.0334844995038064
100,20,100,4,left,0.8,right,0,40,40,80,right,0,20,base,20,True,2322.3075465376533
100,40,0,1,left,0.4,base,100,100,20,100,right,20,100,left,80,False,6.036616854027095
100,40,0,2,right,0.4,base,100,100,20,100,left,20,100,left,80,False,3.2589293448720706
100,40,0,4,left,0.4,right,100,100,20,100,right,20,100,base,80,False,5.044997240377556
100,40,20,1,left,0.6,base,60,80,0,80,right,0,20,left,0,False,6.391562466903562
100,40,20,2,right,0.6,base,60,80,0,80,left,0,20,left,0,False,4.099503966889411
100,40,20,4,left,0.6,right,60,80,0,80,right,0,20,base,0,False,3.989457720958144
100,40,40,1,left,0.8,base,60,60,20,80,right,0,60,left,80,False,6.290103672231123
100,40,40,2,right,0.8,base,60,60,20,80,left,0,60,left,80,False,3.5874737934215832
100,40,40,4,left,0.8,right,60,60,20,80,right,0,60,base,80,False,4.698480568138004
100,40,60,1,left,0.2,base,60,0,80,100,right,20,60,left,80,False,5.925736764233772
100,40,60,2,right,0.2,base,60,0,80,100,left,20,60,left,80,False,3.395046070133037
100,40,60,4,left,0.2,right,60,0,80,100,right,20,60,base,80,False,3.2071885100919393
100,40,80,1,left,0.4,base,100,40,20,80,right,0,100,left,80,False,7.438465222875966
100,40,80,2,right,0.4,base,100,40,20,80,left,0,100,left,80,False,2.2838248952758433
100,40,80,4,left,0.4,right,100,40,20,80,right,0,100,base,80,False,4.105119285300657
100,40,100,1,left,0.6,base,40,40,20,100,right,20,80,left,60,False,6.238432132683381
100,40,100,2,right,0.6,base,40,40,20,100,left,20,80,left,60,False,3.28218943746251
100,40,100,4,left,0.6,right,40,40,20,100,right,20,80,base,60,False,4.18144161005177
100,60,0,1,left,0.4,base,80,40,20,100,right,20,20,left,0,False,6.287082403975498
100,60,0,2,right,0.4,base,80,40,20,100,left,20,20,left,0,False,3.1497106698388277
100,60,0,4,left,0.4,right,80,40,20,100,right,20,20,base,0,False,4.370898736478175
100,60,20,1,left,0.4,base,80,40,20,100,right,20,20,left,0,False,6.514071299474446
100,60,20,2,right,0.4,base,80,40,20,100,left,20,20,left,0,False,3.5338670927989777
100,60,20,4,left,0.4,right,80,40,20,100,right,20,20,base,0,False,4.35053102481452
100,60,40,1,left,0.8,base,0,80,40,80,right,0,40,left,20,False,6.184759904050413
100,60,40,2,right,0.8,base,0,80,40,80,left,0,40,left,20,False,3.6416255844803627
100,60,40,4,left,0.8,right,0,80,40,80,right,0,40,base,20,False,3.3054314752993412
100,60,60,1,left,0.2,base,20,0,20,100,right,20,60,left,40,False,5.698808331684384
100,60,60,2,right,0.2,base,20,0,20,100,left,20,60,left,40,False,3.672712259061202
100,60,60,4,left,0.2,right,20,0,20,100,right,20,60,base,40,False,4.434123980121478
100,60,80,1,left,0.6,base,20,80,60,80,right,0,40,left,40,False,5.7907493539844905
100,60,80,2,right,0.6,base,20,80,60,80,left,0,40,left,40,False,3.900851200525334
100,60,80,4,left,0.6,right,20,80,60,80,right,0,40,base,40,False,4.395230022200696
100,60,100,1,left,0.6,base,20,20,60,80,right,0,40,left,40,False,5.92537074289675
100,60,100,2,right,0.6,base,20,20,60,80,left,0,40,left,40,False,3.080002708292491
100,60,100,4,left,0.6,right,20,20,60,80,right,0,40,base,40,True,9999.0
100,80,0,1,left,0.4,base,0,0,40,100,right,20,0,left,20,False,6.082775969237575
100,80,0,2,right,0.4,base,0,0,40,100,left,20,0,left,20,False,5.147471806603451
100,80,0,4,left,0.4,right,0,0,40,100,right,20,0,base,20,False,4.483153937674366
100,80,20,1,left,0.6,base,80,40,20,100,right,20,20,left,0,False,6.410058666407727
100,80,20,2,right,0.6,base,80,40,20,100,left,20,20,left,0,False,3.362172482622543
100,80,20,4,left,0.6,right,80,40,20,100,right,20,20,base,0,False,4.282793161458278
100,80,40,1,left,0.8,base,0,60,40,80,right,0,40,left,20,False,5.092802123072083
100,80,40,2,right,0.8,base,0,60,40,80,left,0,40,left,20,False,3.574376809817539
100,80,40,4,left,0.8,right,0,60,40,80,right,0,40,base,20,False,4.871277689921831
100,80,60,1,left,1.0,base,80,40,20,100,right,20,20,left,0,False,6.298014967251981
100,80,60,2,right,1.0,base,80,40,20,100,left,20,20,left,0,False,2.856343355176921
100,80,60,4,left,1.0,right,80,40,20,100,right,20,20,base,0,False,4.455319610240536
100,80,80,1,left,0.4,base,40,0,40,100,right,20,0,left,20,False,6.178417577063303
100,80,80,2,right,0.4,base,40,0,40,100,left,20,0,left,20,False,3.9885560795873167
100,80,80,4,left,0.4,right,40,0,40,100,right,20,0,base,20,False,4.4017265622836925
100,80,100,1,left,0.8,base,80,40,20,100,right,20,20,left,0,False,6.420295353519862
100,80,100,2,right,0.8,base,80,40,20,100,left,20,20,left,0,False,3.817415410442986
100,80,100,4,left,0.8,right,80,40,20,100,right,20,20,base,0,False,4.616029237682634
100,100,0,1,left,0.1,left,0,0,0,0,left,0,0,left,0,False,1.104351274800762
100,100,0,2,left,0.1,left,0,0,0,0,left,0,0,left,0,False,1.4298465247545413
100,100,0,4,left,0.1,left,0,0,0,0,left,0,0,left,0,False,2.9403583703508365
100,100,20,1,left,0.1,left,0,0,0,0,left,0,0,left,0,False,1.241939974354385
100,100,20,2,left,0.1,left,0,0,0,0,left,0,0,left,0,False,1.1161331347602959
100,100,20,4,left,0.1,left,0,0,0,0,left,0,0,left,0,False,3.730620893939262
100,100,40,1,left,0.8,base,0,0,40,100,right,20,40,left,20,False,6.1543905838221775
100,100,40,2,right,0.8,base,0,0,40,100,left,20,40,left,20,False,3.4583180356019403
100,100,40,4,left,0.8,right,0,0,40,100,right,20,40,base,20,False,4.21936974807944
100,100,60,1,left,1.0,base,80,40,20,100,right,20,20,left,0,False,6.511064024492213
100,100,60,2,right,1.0,base,80,40,20,100,left,20,20,left,0,False,3.4204248410485407
100,100,60,4,left,1.0,right,80,40,20,100,right,20,20,base,0,False,4.541587111106141
100,100,80,1,left,1.0,base,80,40,20,100,right,20,20,left,0,False,6.001463929550827
100,100,80,2,right,1.0,base,80,40,20,100,left,20,20,left,0,False,3.0681723403717496
100,100,80,4,left,1.0,right,80,40,20,100,right,20,20,base,0,False,4.622106167483938
100,100,100,1,left,0.8,base,0,0,40,100,right,20,40,left,20,False,5.454730438133215
100,100,100,2,right,0.8,base,0,0,40,100,left,20,40,left,20,False,3.825567248363367
100,100,100,4,left,0.8,right,0,0,40,100,right,20,40,base,20,False,3.452379715301789
