feature_Direction,feature_Cloudiness,feature_Precipitation,feature_PrecipitationDeposits,feature_WindIntensity,feature_TimeOfDay,feature_FogDensity,feature_FogDistance,feature_Wetness,feature_RoadFriction,Collision,MinTTC,algo_safety
left,40,0,60,40,-90,0,60,80,0.8,False,1.333,0
right,40,0,20,20,-30,80,40,100,0.2,False,0.835,0
left,0,60,0,80,0,0,0,40,1.0,False,1.342,0
right,0,0,0,100,-60,20,0,40,0.6,False,0.999,0
right,40,60,0,40,-30,80,60,20,0.8,False,0.938,0
right,0,60,100,80,0,100,80,100,1.0,False,0.819,0
right,80,100,60,40,30,0,100,20,1.0,False,0.672,0
left,60,100,40,20,-30,40,80,60,0.1,False,1.511,0
right,60,80,40,0,-60,80,0,100,0.4,False,0.973,0
left,40,20,60,80,30,100,0,100,0.4,False,1.373,0
right,100,100,20,80,0,20,20,80,0.6,False,0.756,0
right,60,0,0,20,0,20,0,40,0.4,False,1.378,0
right,80,100,60,40,30,0,100,20,1.0,False,0.786,0
right,80,100,80,40,90,20,100,40,0.8,False,0.85,0
right,100,80,60,40,30,20,100,40,1.0,False,0.738,0
left,100,100,60,40,30,0,80,40,0.8,False,0.92,0
left,100,80,0,20,30,0,100,20,0.6,False,1.407,0
right,80,80,60,80,30,0,80,20,0.8,False,0.99,0
right,100,100,20,60,0,0,100,40,1.0,False,1.811,0
right,40,100,80,40,0,0,80,0,1.0,False,1.204,0
right,80,20,60,20,30,0,80,0,0.6,False,0.979,0
left,100,100,100,40,-90,20,80,0,1.0,False,1.374,0
left,0,80,100,40,30,0,100,40,1.0,False,1.17,0
right,100,80,60,20,-90,20,100,0,0.1,False,1.755,0
right,100,80,60,40,30,20,100,40,1.0,False,0.796,0
left,100,100,100,20,-30,40,100,20,1.0,False,1.415,0
right,20,80,40,60,30,0,80,20,1.0,False,1.846,0
left,100,100,80,60,-90,20,60,0,1.0,False,1.474,0
left,80,80,60,60,30,0,100,40,0.8,False,0.919,0
left,0,0,40,60,0,0,40,40,0.8,False,1.458,0
left,80,60,100,40,0,0,100,40,0.2,False,1.467,0
left,80,0,80,0,30,20,80,0,0.2,False,1.359,0
left,20,80,20,40,90,20,20,60,1.0,False,1.488,0
left,80,100,80,40,60,0,80,20,0.8,False,1.355,0
right,20,80,80,40,30,0,100,100,1.0,False,0.789,0
right,80,100,80,40,0,0,80,0,1.0,False,1.762,0
right,20,80,80,40,30,0,100,100,1.0,False,0.64,0
left,80,60,100,20,90,0,100,40,0.2,False,1.357,0
right,20,80,100,40,60,0,20,60,0.2,False,1.716,0
right,0,80,40,80,0,80,80,40,1.0,False,0.906,0
left,80,40,100,20,0,20,100,40,0.2,False,1.425,0
left,40,40,80,40,30,0,100,80,1.0,False,1.064,0
left,100,100,100,20,-30,20,80,0,1.0,False,2.315,0
right,0,100,40,60,90,0,20,60,1.0,False,0.98,0
right,20,100,40,0,90,20,20,60,1.0,False,0.837,0
left,20,0,20,60,30,0,40,60,0.6,False,1.469,0
left,40,100,40,60,0,0,20,20,1.0,False,1.524,0
left,60,80,80,20,60,0,100,20,0.1,False,1.435,0
right,20,80,80,40,30,0,100,100,1.0,False,0.634,0
right,0,20,80,60,30,20,40,40,0.6,False,1.256,0
right,0,100,20,60,90,20,80,40,1.0,False,2.302,0
right,100,40,100,20,90,0,100,60,0.2,False,0.801,0
left,80,100,100,0,60,0,40,40,0.1,False,1.388,0
right,100,60,80,20,30,100,60,20,0.8,False,2.132,0
left,0,80,60,100,-30,80,60,40,1.0,False,0.886,0
right,20,100,20,0,90,20,20,60,0.8,False,1.796,0
left,80,60,60,0,30,0,40,40,0.2,False,1.313,0
right,20,100,20,60,60,0,20,20,1.0,False,0.894,0
right,60,100,40,80,-30,0,0,20,0.8,False,0.905,0
left,0,100,60,60,30,80,80,20,0.4,False,0.966,0
right,20,80,80,40,30,0,100,100,1.0,False,0.632,0
right,0,80,80,20,30,100,40,40,0.8,False,1.571,0
right,0,80,80,60,0,60,80,0,0.2,False,0.704,0
right,60,100,80,20,-60,0,0,40,0.6,False,0.868,0
right,100,60,60,20,60,0,80,40,0.2,False,0.829,0
left,0,100,80,100,30,80,60,0,0.6,False,1.056,0
right,100,60,80,20,30,100,80,20,0.8,False,1.861,0
right,100,100,20,80,90,0,0,20,0.8,False,1.996,0
right,40,100,20,0,90,40,0,60,0.6,False,1.077,0
left,60,80,80,20,90,0,20,40,0.2,False,1.358,0
left,80,60,40,60,60,0,40,60,0.1,False,1.354,0
right,0,100,80,40,30,0,100,100,0.8,False,0.636,0
right,80,100,60,40,30,0,100,20,1.0,False,1.99,0
left,60,100,20,40,-30,40,80,60,0.1,False,1.463,0
right,40,60,20,40,-30,80,40,40,0.8,False,0.76,0
right,20,80,80,40,30,0,100,100,1.0,False,0.578,0
right,0,0,0,60,-60,40,20,20,0.6,False,0.979,0
right,40,20,20,40,-30,80,40,100,0.4,False,0.852,0
right,20,100,20,80,0,20,0,100,0.6,False,1.563,0
left,20,60,0,40,-60,80,60,20,0.8,False,0.849,0
right,40,60,0,40,-30,80,40,20,0.1,False,0.941,0
right,100,0,20,0,-30,80,40,100,0.2,False,0.947,0
left,40,20,60,40,-90,20,60,80,0.8,False,1.57,0
left,40,0,60,60,-90,20,60,80,0.8,False,1.575,0
right,20,80,80,40,30,0,100,100,1.0,False,0.556,0
right,20,80,80,80,30,20,100,100,1.0,False,2.555,0
right,20,60,80,40,30,0,100,100,1.0,False,0.637,0
right,0,20,80,60,60,0,100,100,1.0,False,2.006,0
right,40,60,80,20,30,0,100,100,1.0,False,0.747,0
right,40,80,100,60,60,0,100,100,0.8,False,1.639,0
right,40,60,100,40,60,20,100,100,0.8,False,0.809,0
right,0,100,60,20,-90,0,100,80,0.1,False,0.711,0
right,0,100,60,20,0,20,100,80,1.0,False,0.76,0
left,20,60,100,40,30,20,20,100,1.0,False,1.059,0
right,20,60,80,20,30,0,100,100,1.0,False,1.705,0
right,100,80,0,40,30,0,100,100,0.8,False,0.691,0
right,20,80,80,40,30,0,100,100,1.0,False,0.569,0
right,20,100,40,40,-60,0,100,100,0.8,False,0.958,0
right,0,100,60,20,0,0,100,60,0.8,False,1.557,0
right,0,80,20,20,-30,20,0,80,1.0,False,1.107,0
left,20,60,100,60,60,40,20,100,1.0,False,1.351,0
left,20,60,80,40,-30,0,100,100,1.0,False,1.427,0
right,100,100,0,40,60,0,100,100,0.6,False,1.679,0
right,60,60,80,20,-90,0,20,100,0.8,False,0.741,0
left,0,0,40,40,-30,20,100,80,1.0,False,1.382,0
right,100,80,0,40,0,0,80,100,0.4,False,0.853,0
left,100,60,0,40,-30,20,40,100,0.6,False,1.01,0
left,20,60,100,60,60,0,20,80,1.0,False,1.365,0
right,20,80,80,40,30,0,100,100,1.0,False,0.62,0
left,40,80,40,20,30,0,80,80,1.0,False,0.904,0
right,100,100,20,20,-60,0,0,100,1.0,False,0.838,0
left,20,40,20,0,-30,40,80,80,1.0,False,1.716,0
right,0,100,20,60,-30,0,80,100,0.8,False,0.82,0
right,40,60,100,20,90,20,100,80,1.0,False,1.445,0
left,0,100,40,80,-60,20,0,40,0.8,False,1.398,0
right,20,100,80,40,0,0,100,80,0.8,False,1.652,0
left,100,100,0,40,90,0,100,100,0.6,False,1.403,0
right,20,80,40,0,-30,0,100,100,0.8,False,0.839,0
right,0,100,20,80,-30,80,0,80,1.0,False,0.976,0
left,100,60,20,20,-30,20,40,100,0.6,False,1.058,0
right,20,80,80,40,30,0,100,100,1.0,False,0.787,0
right,40,100,80,20,0,0,100,100,1.0,False,0.866,0
left,80,80,40,0,-60,0,20,80,0.6,False,1.56,0
right,0,80,20,80,-60,0,0,60,0.6,False,0.853,0
left,20,20,20,0,-30,40,80,60,1.0,False,1.422,0
right,20,40,100,40,-30,0,100,80,0.8,False,1.139,0
right,60,20,100,40,90,20,100,60,1.0,False,2.162,0
right,20,40,100,20,90,0,80,100,1.0,False,1.439,0
left,60,60,40,40,-30,0,40,100,0.8,False,1.48,0
right,100,80,40,0,-90,0,80,100,0.8,False,0.874,0
left,100,60,0,0,60,40,40,100,0.2,False,1.398,0
right,0,80,80,40,30,20,100,80,1.0,False,0.681,0
right,0,80,80,40,30,20,100,80,1.0,False,0.575,0
right,0,100,60,20,60,40,100,100,1.0,False,0.784,0
right,0,80,40,100,-90,40,0,60,0.8,False,1.04,0
right,0,100,20,20,60,20,80,100,1.0,False,1.628,0
left,100,60,0,0,60,20,60,80,0.1,False,1.453,0
right,40,100,80,40,0,0,0,100,1.0,False,1.899,0
right,60,0,80,40,90,100,60,80,1.0,False,1.43,0
left,0,80,100,60,30,40,80,80,0.8,False,1.177,0
right,40,60,60,40,90,80,40,100,1.0,False,1.033,0
right,100,80,20,0,-90,0,40,20,0.6,False,1.778,0
right,100,40,0,0,90,20,20,100,0.4,False,1.621,0
right,20,80,20,40,-30,80,100,80,1.0,False,0.84,0
right,80,100,60,40,30,0,100,20,1.0,False,1.867,0
right,20,100,80,40,30,0,100,100,0.1,False,0.65,0
right,20,80,80,20,0,20,100,0,1.0,False,0.835,0
right,40,60,20,40,-30,80,40,40,0.1,False,1.578,0
right,80,100,60,40,30,20,100,20,1.0,False,2.3,0
right,60,40,0,40,-30,80,60,40,0.1,False,0.922,0
right,40,60,20,40,-30,40,100,40,0.8,False,0.805,0
right,80,100,80,40,60,0,60,20,0.1,False,0.782,0
right,40,60,0,40,-90,80,100,20,0.8,False,1.417,0
right,20,100,20,80,0,0,0,100,0.6,False,0.829,0
right,20,60,80,40,60,0,100,80,1.0,False,1.825,0
right,80,0,20,0,-30,80,20,100,0.2,False,0.753,0
right,20,100,80,40,30,0,100,100,0.1,False,0.625,0
right,80,80,80,40,30,20,100,100,0.2,False,0.736,0
right,20,100,0,0,30,0,60,100,0.1,False,0.716,0
left,20,0,100,0,0,20,100,100,0.1,False,1.406,0
right,40,80,80,20,60,20,100,100,0.1,False,1.82,0
right,20,100,60,20,60,0,80,100,0.1,False,1.638,0
right,40,20,80,60,-30,0,80,100,0.1,False,0.718,0
right,0,100,80,40,0,0,100,80,0.8,False,1.548,0
right,40,100,60,40,60,0,80,40,0.1,False,1.757,0
right,0,80,40,40,0,0,100,100,0.8,False,0.912,0
left,100,80,80,40,30,0,100,0,0.2,False,0.904,0
left,20,100,80,40,0,60,100,100,0.1,False,1.373,0
right,20,100,80,40,30,0,100,100,0.1,False,0.809,0
right,40,0,60,40,0,100,100,100,0.2,False,0.697,0
right,0,100,40,20,0,0,100,100,0.6,False,1.776,0
left,0,40,20,60,-30,80,100,80,1.0,False,1.422,0
left,20,0,80,0,-30,20,100,100,0.6,False,1.396,0
right,20,100,80,60,90,0,100,100,0.1,False,0.923,0
right,40,80,80,0,60,0,80,100,0.2,False,1.688,0
left,40,20,100,60,-30,20,80,100,0.1,False,1.691,0
right,0,80,80,60,0,0,100,60,0.6,False,0.882,0
left,100,100,80,20,0,0,80,80,0.8,False,1.357,0
left,20,100,80,20,-30,60,80,100,0.1,False,1.384,0
right,20,80,100,100,-60,20,100,80,0.6,False,0.869,0
right,40,0,60,40,0,100,100,100,0.2,False,0.76,0
right,40,60,0,100,60,20,100,100,0.2,False,1.699,0
left,100,80,100,0,30,0,80,100,1.0,False,0.984,0
left,20,100,80,20,0,40,60,100,0.4,False,0.896,0
right,20,20,80,0,60,20,60,100,0.6,False,0.781,0
left,80,100,80,0,-30,20,60,100,0.6,False,1.409,0
left,40,80,80,0,90,0,80,100,1.0,False,1.456,0
right,100,20,60,20,0,0,100,80,0.6,False,1.264,0
right,40,100,60,80,0,80,60,100,0.1,False,0.823,0
right,80,100,60,40,30,0,100,20,1.0,False,0.843,0
right,20,100,80,40,30,0,100,100,0.1,False,0.574,0
right,20,80,80,20,0,20,100,0,1.0,False,1.539,0
right,40,60,20,40,-30,80,40,40,0.1,False,1.161,0
right,80,100,60,40,30,20,100,20,1.0,False,2.221,0
right,60,40,0,40,-30,80,60,40,0.1,False,0.775,0
right,40,60,20,40,-30,40,100,40,0.8,False,0.972,0
right,80,100,80,40,60,0,60,20,0.1,False,2.103,0
right,40,60,0,40,-90,80,100,20,0.8,False,1.453,0
right,20,100,20,80,0,0,0,100,0.6,False,0.56,0
right,20,60,80,40,60,0,100,80,1.0,False,0.876,0
right,80,0,20,0,-30,80,20,100,0.2,False,0.651,0
right,20,100,20,80,0,0,0,100,0.6,False,1.149,0
left,20,0,40,80,30,0,0,100,0.8,False,2.033,0
left,0,100,40,20,0,0,0,80,0.8,False,1.438,0
right,0,100,40,100,0,0,0,100,0.4,False,0.917,0
left,20,100,20,80,-30,20,0,80,1.0,False,1.444,0
right,20,100,20,80,30,20,20,80,0.6,False,0.651,0
left,0,100,20,80,30,0,20,100,0.6,False,1.939,0
right,100,100,20,60,-30,20,0,80,0.6,False,0.963,0
left,20,80,20,80,-30,20,0,100,0.1,False,1.466,0
right,80,100,20,80,0,0,0,100,0.8,False,0.903,0
left,20,0,20,60,0,20,20,100,0.8,False,1.412,0
right,40,100,0,60,-30,0,20,100,0.6,False,0.925,0
right,20,100,20,80,30,20,20,80,0.6,False,0.865,0
right,40,40,40,80,-30,0,0,100,0.6,False,1.163,0
left,20,100,100,100,-90,20,0,80,0.4,False,0.854,0
right,0,80,100,100,0,0,0,100,0.6,False,1.142,0
right,20,80,40,0,-90,20,20,60,0.1,False,0.835,0
right,80,100,40,60,-30,20,20,100,0.8,False,1.012,0
left,20,100,20,40,0,0,0,60,0.8,False,1.437,0
right,80,100,80,100,0,0,0,100,1.0,False,0.766,0
left,20,0,20,100,30,0,0,100,0.8,False,2.122,0
left,0,0,40,100,-30,0,40,100,0.4,False,1.422,0
left,80,60,20,60,-30,0,20,100,0.2,False,1.52,0
left,20,60,40,60,-30,40,0,100,0.2,False,0.947,0
right,80,100,80,100,0,0,0,100,1.0,False,0.802,0
left,20,80,20,20,90,20,20,80,0.8,False,1.363,0
right,0,80,100,100,30,0,0,80,0.6,False,0.623,0
right,100,80,0,60,-30,0,20,100,0.2,False,0.983,0
right,80,100,80,100,0,0,0,80,1.0,False,0.726,0
left,20,100,20,20,90,0,0,60,0.8,False,1.373,0
right,20,0,100,100,0,0,0,100,0.2,False,1.003,0
left,0,100,100,100,-90,80,0,100,0.6,False,0.566,0
left,20,80,20,20,0,20,0,60,0.8,False,1.506,0
left,100,40,20,60,30,0,20,80,0.4,False,1.346,0
left,40,60,60,40,-60,60,0,80,0.4,False,0.783,0
right,0,20,40,100,30,0,0,100,1.0,False,0.733,0
left,0,100,100,100,-90,80,0,100,0.6,False,0.576,0
right,20,100,40,0,0,20,0,60,0.8,False,0.946,0
left,40,100,0,20,90,0,0,80,0.6,False,1.402,0
left,40,100,100,100,0,0,20,80,0.8,False,1.477,0
left,80,20,20,40,30,0,40,80,0.1,False,1.327,0
right,80,60,80,60,30,20,20,60,0.4,False,1.166,0
left,0,100,80,100,90,100,80,80,0.8,False,0.57,0
right,40,60,40,20,90,20,40,100,0.8,False,1.481,0
left,20,40,60,80,30,0,40,100,1.0,False,1.956,0
right,20,60,80,100,30,100,0,100,0.1,False,2.145,0
left,100,80,20,100,-60,0,0,100,0.4,False,0.956,0
left,20,100,0,20,0,20,0,60,0.6,False,1.095,0
left,0,100,80,100,90,100,80,80,0.8,False,0.993,0
left,40,80,0,0,-30,20,40,40,0.8,False,0.985,0
right,80,80,0,100,60,0,0,100,0.4,False,1.597,0
right,100,100,20,100,-90,0,0,100,0.2,False,1.015,0
left,40,100,100,80,30,0,20,20,0.4,False,0.99,0
right,0,80,80,60,30,40,0,80,0.4,False,0.543,0
right,0,80,20,60,-30,0,0,40,0.4,False,1.486,0
left,100,80,80,20,-90,0,0,100,0.2,False,1.4,0
right,60,100,60,100,-30,0,0,60,0.8,False,0.74,0
left,20,100,80,100,0,20,60,40,0.8,False,1.519,0
right,80,60,80,60,30,20,40,60,0.4,False,0.61,0
right,100,80,80,100,60,100,0,100,0.1,False,1.973,0
right,80,100,60,40,30,0,100,20,1.0,False,0.604,0
right,20,100,80,20,0,20,100,0,1.0,False,0.799,0
right,40,60,20,40,0,60,20,40,0.1,False,0.777,0
left,40,60,0,40,-90,80,20,0,0.6,False,0.954,0
right,80,100,20,40,60,20,60,20,0.1,False,0.875,0
right,20,80,80,40,0,0,0,80,0.2,False,1.711,0
right,80,0,20,0,-30,80,20,100,0.4,False,0.969,0
right,100,100,80,40,30,20,60,20,0.1,False,1.292,0
right,0,80,80,60,30,40,0,80,0.4,False,0.66,0
right,80,60,60,60,60,0,100,80,0.4,False,0.606,0
right,100,0,40,40,-30,80,20,100,0.2,False,0.787,0
right,80,60,100,60,30,40,0,100,0.6,False,1.825,0
right,80,100,60,40,30,0,100,20,1.0,False,0.842,0
right,60,80,60,60,0,40,100,0,0.8,False,1.9,0
right,100,0,20,20,30,0,80,20,1.0,False,2.291,0
right,60,100,60,60,60,20,100,40,0.1,False,0.909,0
left,80,100,80,40,30,0,80,20,1.0,False,1.106,0
right,80,100,80,40,30,0,100,20,1.0,False,0.733,0
right,80,100,60,40,-90,20,100,40,1.0,False,1.201,0
right,80,100,60,40,30,40,80,20,0.8,False,0.669,0
right,60,100,60,60,0,20,100,40,1.0,False,1.556,0
right,100,80,60,60,0,20,100,100,1.0,False,0.762,0
left,100,80,80,0,60,0,80,0,1.0,False,1.37,0
right,60,0,60,20,60,0,20,0,1.0,False,1.467,0
right,80,100,60,40,30,40,80,20,0.8,False,0.766,0
right,60,0,60,20,30,20,20,0,1.0,False,0.704,0
right,60,80,60,100,0,0,0,100,1.0,False,0.774,0
left,80,60,80,40,30,0,80,20,0.8,False,1.079,0
right,60,80,40,60,60,0,100,60,0.1,False,2.31,0
right,80,0,60,20,60,0,0,0,0.8,False,0.751,0
right,100,60,60,40,-30,40,80,0,1.0,False,0.705,0
left,100,80,60,80,30,40,100,100,1.0,False,1.208,0
left,100,0,20,20,-30,0,80,20,1.0,False,1.373,0
right,60,20,60,20,90,0,100,0,0.6,False,0.905,0
left,100,100,80,40,-90,0,20,40,0.8,False,1.429,0
left,60,0,40,80,-30,20,100,40,1.0,False,1.383,0
right,60,0,60,20,30,20,20,0,1.0,False,0.701,0
left,60,0,40,80,-60,20,80,60,0.4,False,1.481,0
left,60,0,20,80,-30,40,40,40,0.8,False,1.435,0
right,60,20,60,40,90,0,100,0,0.8,False,2.007,0
left,80,80,60,0,30,0,0,0,1.0,False,0.958,0
left,100,80,80,40,0,0,80,40,0.8,False,1.407,0
right,80,0,20,0,60,40,80,0,1.0,False,1.826,0
right,40,20,40,60,60,0,0,0,1.0,False,1.396,0
right,100,0,80,0,90,20,0,0,0.8,False,1.06,0
left,80,80,100,80,0,0,60,40,0.6,False,1.413,0
right,80,100,80,40,0,20,80,0,0.6,False,1.808,0
left,100,60,60,40,0,20,80,0,1.0,False,1.363,0
right,60,0,60,20,30,20,20,0,1.0,False,0.668,0
left,20,0,0,60,-60,40,60,100,0.8,False,0.979,0
right,0,40,60,80,-30,80,80,0,1.0,False,0.716,0
left,100,100,100,20,0,20,80,0,0.6,False,1.403,0
right,60,40,40,40,60,0,20,20,1.0,False,1.747,0
left,40,0,40,60,-30,20,60,20,0.6,False,1.381,0
right,60,80,0,0,60,20,80,20,0.6,False,0.824,0
left,60,0,60,40,90,0,80,0,1.0,False,1.36,0
right,40,40,60,60,-30,0,20,0,1.0,False,0.872,0
right,100,20,80,60,0,20,80,20,0.8,False,0.944,0
left,80,60,80,40,0,0,60,60,0.8,False,1.524,0
left,60,60,80,60,0,0,80,20,1.0,False,1.398,0
right,60,0,60,20,30,20,20,0,1.0,False,1.515,0
right,20,20,80,60,-60,80,80,0,0.8,False,1.604,0
left,100,60,60,40,60,20,80,40,0.2,False,1.37,0
left,40,0,60,40,90,20,80,0,1.0,False,1.385,0
left,40,80,60,40,30,20,80,100,1.0,False,2.034,0
right,100,100,100,100,-30,40,80,0,0.8,False,1.917,0
right,40,20,20,0,60,40,0,0,1.0,False,0.812,0
left,80,60,80,20,0,0,80,80,0.6,False,1.713,0
left,20,20,0,80,-60,20,0,100,1.0,False,0.854,0
right,60,60,80,0,60,100,60,40,0.8,False,0.982,0
left,60,60,100,60,0,20,60,20,0.8,False,1.029,0
right,80,20,60,60,90,80,40,0,1.0,False,0.941,0
right,80,100,60,40,30,0,100,20,1.0,False,2.111,0
left,60,60,20,40,-90,80,20,0,0.4,False,0.957,0
left,60,60,0,60,-90,80,20,0,0.8,False,1.224,0
right,20,80,80,40,30,0,0,60,0.2,False,0.606,0
left,40,60,0,60,-90,80,40,20,1.0,False,1.401,0
right,0,80,80,0,30,40,0,0,0.2,False,0.723,0
right,0,100,80,60,30,20,80,80,0.4,False,0.688,0
right,0,80,80,60,30,40,20,80,0.4,False,0.768,0
right,0,60,80,60,0,40,0,80,0.4,False,1.451,0
right,40,60,20,40,0,60,20,40,0.4,False,0.836,0
left,80,0,20,0,-60,100,20,80,0.6,False,1.373,0
right,80,40,60,0,90,0,100,80,0.4,False,1.9,0
right,20,80,80,40,30,0,0,60,0.2,False,1.797,0
left,20,100,80,40,60,0,0,80,0.2,False,1.36,0
left,40,100,100,40,90,0,20,60,0.4,False,1.355,0
left,20,80,100,40,0,20,80,80,0.2,False,1.438,0
right,20,100,80,40,60,0,0,80,0.1,False,0.849,0
left,20,80,60,60,30,20,0,0,0.4,False,1.766,0
left,40,80,100,40,30,0,0,80,0.8,False,1.018,0
right,0,100,100,40,60,0,100,40,0.1,False,1.392,0
right,20,100,0,20,60,0,0,80,0.2,False,0.832,0
right,40,40,80,20,30,0,0,40,0.2,False,0.578,0
right,20,60,0,40,0,80,0,80,0.2,False,2.232,0
left,20,100,60,20,-30,0,0,40,0.1,False,1.488,0
right,40,40,80,20,30,0,0,40,0.2,False,0.532,0
right,20,60,40,60,30,80,20,100,0.2,False,1.683,0
right,20,100,100,0,90,20,0,100,0.1,False,0.868,0
right,60,100,60,20,-60,0,0,40,0.2,False,1.729,0
right,40,60,80,0,0,40,0,0,0.4,False,1.006,0
right,0,100,100,60,60,0,40,20,0.2,False,2.486,0
left,80,80,60,80,0,20,0,0,0.2,False,1.457,0
left,20,60,60,40,0,60,60,80,0.4,False,1.454,0
left,20,100,60,40,30,0,0,100,0.1,False,1.913,0
left,20,100,100,40,60,20,0,100,0.2,False,1.503,0
right,0,80,100,60,60,0,100,20,0.1,False,1.047,0
left,100,100,100,20,60,0,80,40,0.1,False,1.435,0
right,40,40,80,20,30,0,0,40,0.2,False,1.434,0
left,100,100,100,0,30,0,80,60,0.1,False,0.88,0
right,40,20,100,100,-60,20,0,20,0.6,False,1.74,0
right,60,60,0,100,60,20,20,40,0.4,False,1.131,0
left,40,80,100,0,90,20,0,100,0.4,False,1.546,0
right,20,80,100,60,90,0,80,20,0.4,False,1.42,0
right,40,80,80,0,60,40,60,0,0.4,False,1.497,0
left,80,100,100,20,30,40,0,100,0.1,False,0.443,1
left,80,80,60,60,90,20,0,20,1.0,False,1.366,0
right,100,20,100,0,0,20,20,80,0.1,False,1.506,0
right,20,100,80,80,90,80,80,20,0.1,False,1.628,0
right,60,60,80,0,0,20,0,80,0.8,False,0.858,0
left,80,100,100,20,30,40,0,100,0.1,False,1.095,0
left,20,20,100,40,30,0,20,60,0.2,False,1.089,0
right,40,100,100,20,-60,40,20,100,0.1,False,0.808,0
right,100,60,60,0,-30,20,0,80,1.0,False,3.259,0
left,40,100,80,60,90,80,100,20,0.1,False,1.45,0
right,80,0,100,40,30,40,0,100,0.1,False,0.808,0
right,60,100,100,40,90,20,0,80,0.4,False,0.816,0
left,20,60,0,100,60,40,20,60,0.2,False,1.319,0
right,40,0,80,80,-90,80,0,0,0.6,False,1.497,0
left,100,80,20,0,-90,0,80,40,0.1,False,1.375,0
right,40,20,80,60,90,80,80,20,0.1,False,1.744,0
right,40,20,40,100,-60,20,0,20,0.6,False,0.925,0
right,40,100,100,20,-60,40,20,100,0.1,False,2.373,0
right,40,0,80,0,-90,80,0,20,0.4,False,1.982,0
right,40,100,100,20,-90,60,0,60,0.1,False,0.989,0
right,100,80,20,20,-90,20,60,40,0.1,False,0.98,0
right,40,100,80,0,-60,0,40,100,0.1,False,1.482,0
left,100,100,20,0,-90,80,80,60,0.1,False,1.023,0
right,0,100,100,0,-60,40,20,100,0.2,False,1.527,0
right,20,60,0,100,60,60,20,60,0.2,False,2.04,0
left,80,100,80,20,-30,40,40,80,0.2,False,1.102,0
left,40,0,60,100,-60,80,0,20,0.6,False,1.371,0
left,40,100,100,40,90,20,0,80,0.4,False,1.456,0
left,40,80,100,20,0,40,20,100,0.1,False,1.342,0
left,100,80,100,100,90,80,20,100,0.1,False,1.354,0
left,100,0,80,100,60,0,100,20,1.0,False,1.391,0
left,60,0,100,100,90,80,20,0,0.6,False,1.38,0
left,100,60,100,0,90,100,100,80,1.0,False,1.443,0
left,20,0,100,100,90,20,80,80,0.1,False,1.355,0
left,0,20,100,100,90,80,40,80,0.1,False,1.375,0
left,80,20,0,100,-60,100,0,20,1.0,False,0.569,0
left,0,100,100,100,-90,60,100,80,1.0,False,1.424,0
left,80,100,0,0,90,100,100,40,0.1,False,1.403,0
left,80,0,80,100,0,100,100,80,0.8,False,1.415,0
left,0,20,80,80,-90,100,100,100,0.4,False,1.433,0
left,40,20,100,0,-30,100,100,0,0.2,False,1.383,0
left,80,20,0,100,-60,100,0,20,1.0,False,0.836,0
left,80,40,20,40,0,100,20,100,1.0,False,1.367,0
left,60,20,0,100,-30,100,0,0,1.0,False,1.388,0
left,100,20,20,100,-30,100,100,0,1.0,False,1.706,0
right,80,20,20,100,-30,80,0,20,1.0,False,1.507,0
left,60,0,60,100,-30,80,0,20,0.8,False,1.371,0
left,100,20,20,100,-60,80,0,60,1.0,False,0.928,0
right,100,40,0,100,-90,80,0,20,1.0,False,0.966,0
left,80,40,0,100,-90,100,20,20,0.6,False,1.678,0
right,100,20,0,100,90,80,0,40,0.8,False,1.485,0
left,100,60,0,100,-90,80,80,20,0.1,False,1.381,0
left,0,0,0,100,90,80,0,0,1.0,False,1.355,0
left,80,20,0,100,-60,100,0,20,1.0,False,1.382,0
left,60,0,40,80,-30,80,20,40,0.8,False,1.395,0
left,60,20,0,60,-60,80,0,0,1.0,False,0.809,0
right,100,20,20,100,-60,80,20,0,1.0,False,2.208,0
right,100,20,20,60,30,100,40,100,1.0,False,0.942,0
left,20,80,60,100,-30,60,0,20,0.8,False,1.383,0
right,100,20,0,80,90,60,0,20,1.0,False,2.325,0
left,100,0,0,100,60,80,20,20,1.0,False,1.31,0
left,100,60,20,40,0,100,40,100,0.8,False,1.368,0
left,40,40,0,100,-60,100,0,40,0.8,False,1.409,0
left,100,0,20,100,-60,100,0,40,0.4,False,0.993,0
right,100,20,40,80,-60,60,0,20,0.8,False,0.936,0
left,60,20,0,60,-60,80,0,0,1.0,False,1.375,0
right,100,20,60,100,-30,80,0,60,0.2,False,2.085,0
left,20,40,40,40,0,40,40,100,0.6,False,1.517,0
left,80,20,0,80,-90,60,0,0,1.0,False,0.882,0
right,0,100,40,100,-90,60,0,0,1.0,False,0.897,0
left,100,80,60,100,-60,60,20,20,0.8,False,1.581,0
left,40,40,0,60,-30,20,0,20,1.0,False,0.965,0
right,80,0,0,80,90,60,20,100,0.8,False,1.467,0
left,40,80,60,100,0,40,20,40,0.8,False,1.362,0
right,100,20,20,60,-30,80,20,40,0.8,False,0.838,0
left,100,0,0,100,-60,0,0,20,0.1,False,1.383,0
left,40,0,40,0,-30,80,0,40,1.0,False,1.387,0
right,100,20,20,60,-30,80,20,40,0.8,False,0.875,0
left,40,0,40,0,-30,80,60,20,0.8,False,1.458,0
left,60,100,40,100,90,20,40,40,1.0,False,1.34,0
left,0,20,40,20,0,40,60,80,1.0,False,1.576,0
left,60,20,0,80,-90,40,0,20,1.0,False,1.777,0
right,60,40,0,40,-90,60,0,0,0.4,False,1.814,0
right,100,0,60,100,-30,60,80,80,0.1,False,0.771,0
left,100,20,60,100,0,60,60,80,0.2,False,1.486,0
left,80,20,0,60,-60,80,80,0,0.8,False,1.364,0
left,100,100,40,100,-90,80,20,60,0.6,False,0.86,0
left,100,80,40,40,-60,60,20,20,0.8,False,1.344,0
left,80,80,20,60,-30,80,0,0,0.2,False,0.871,0
right,100,0,60,100,-30,60,80,80,0.1,False,0.654,0
right,0,100,60,80,60,40,40,40,0.8,False,1.017,0
left,60,80,60,100,90,40,20,40,0.8,False,1.394,0
left,80,80,0,40,-60,60,80,20,0.2,False,0.939,0
right,100,80,0,60,-30,80,20,60,0.8,False,0.778,0
left,100,100,60,100,-90,100,40,40,0.4,False,1.369,0
left,20,20,40,80,-30,60,60,60,0.8,False,1.352,0
right,20,20,60,20,-30,100,80,20,0.6,False,1.489,0
right,40,40,20,40,-90,40,20,0,0.4,False,1.426,0
right,0,100,0,80,90,0,60,20,0.4,False,1.056,0
left,80,80,80,40,0,60,60,100,0.2,False,1.477,0
right,60,60,0,60,-90,80,0,0,0.4,False,0.908,0
right,80,100,60,40,30,0,100,20,1.0,False,0.831,0
left,40,20,0,100,-60,100,0,20,1.0,False,1.371,0
left,60,100,0,0,90,100,100,20,0.2,False,1.427,0
left,20,80,80,100,90,80,20,100,0.1,False,1.375,0
left,0,20,80,80,-90,100,100,100,0.8,False,1.424,0
right,80,0,100,100,60,80,20,0,0.6,False,1.879,0
left,40,80,0,20,90,100,100,40,0.1,False,1.352,0
right,20,0,100,100,90,20,80,60,0.1,False,1.85,0
left,40,20,100,0,-30,100,100,0,0.2,False,1.382,0
left,0,60,80,100,-90,40,100,60,1.0,False,1.434,0
left,60,0,100,100,60,60,20,0,0.4,False,1.388,0
left,40,0,0,100,90,80,20,0,0.8,False,1.334,0
right,80,100,60,40,30,0,100,20,1.0,False,0.729,0
right,80,100,60,20,30,0,100,0,1.0,False,0.669,0
left,20,100,60,20,60,100,100,40,1.0,False,1.425,0
right,80,100,80,40,30,0,100,0,0.8,False,0.625,0
right,100,100,40,100,30,0,100,0,0.8,False,1.973,0
right,20,100,20,60,60,0,80,20,1.0,False,2.071,0
right,80,100,40,20,0,80,100,20,0.8,False,2.109,0
right,60,100,60,60,30,20,80,0,1.0,False,0.78,0
right,60,80,60,40,30,80,100,0,0.8,False,1.26,0
right,80,80,40,40,60,20,100,40,0.4,False,1.787,0
left,80,80,40,100,0,0,100,80,1.0,False,1.407,0
right,20,80,60,40,60,0,100,0,0.8,False,1.22,0
right,80,100,80,40,30,0,100,0,0.8,False,0.622,0
right,80,100,60,40,-30,100,100,20,0.8,False,0.65,0
right,40,100,80,40,0,0,100,20,0.6,False,0.756,0
right,100,100,40,80,0,0,40,0,0.8,False,0.815,0
right,80,100,80,40,30,0,100,60,1.0,False,1.236,0
right,80,20,60,60,0,0,100,0,0.8,False,1.414,0
right,80,40,60,60,30,0,100,20,1.0,False,0.738,0
right,100,100,20,80,0,0,100,60,0.8,False,0.806,0
right,20,100,40,40,30,80,100,80,1.0,False,0.901,0
left,100,80,20,100,-90,20,100,100,0.8,False,0.901,0
right,20,0,40,40,90,20,100,20,0.6,False,0.814,0
left,100,100,60,100,60,0,100,0,0.8,False,1.519,0
right,80,100,80,40,30,0,100,0,0.8,False,0.73,0
left,100,80,0,60,30,0,0,60,0.8,False,1.617,0
left,100,80,40,80,60,20,100,0,0.8,False,1.367,0
left,80,60,60,80,60,0,80,0,0.6,False,1.382,0
right,60,0,60,60,90,20,100,20,0.6,False,1.775,0
left,100,60,20,100,-90,20,100,100,0.8,False,0.911,0
right,0,100,40,20,60,100,100,80,1.0,False,0.637,0
left,100,20,40,40,30,0,100,20,1.0,False,1.345,0
left,100,0,60,60,30,100,40,0,0.8,False,1.356,0
left,20,60,60,40,90,20,100,40,0.8,False,1.465,0
left,100,100,40,100,30,0,80,0,0.8,False,1.348,0
right,40,100,80,40,30,0,100,100,0.4,False,0.494,1
right,40,100,80,40,30,0,100,100,0.4,False,0.579,0
right,60,0,0,60,30,20,20,40,0.8,False,1.056,0
right,100,40,40,60,60,0,100,20,0.4,False,0.907,0
right,100,80,80,80,60,80,60,0,0.6,False,0.841,0
right,100,60,0,80,-90,40,100,100,1.0,False,0.898,0
right,100,60,0,100,-90,0,20,20,0.8,False,0.943,0
left,100,80,20,40,60,0,0,80,0.8,False,1.358,0
left,100,80,0,60,-90,0,0,80,0.6,False,1.508,0
right,100,100,20,60,-30,0,0,60,0.6,False,0.764,0
left,80,60,40,60,60,0,80,0,0.6,False,1.367,0
right,60,80,100,60,0,0,80,80,0.4,False,1.488,0
right,100,40,40,40,30,0,80,40,1.0,False,2.252,0
right,40,100,80,40,30,0,100,100,0.4,False,0.734,0
left,40,60,0,100,-90,0,20,40,0.8,False,1.411,0
left,100,80,0,100,60,80,40,0,0.8,False,1.332,0
right,80,60,40,60,90,0,80,0,0.6,False,0.811,0
left,40,0,20,80,0,40,0,20,0.6,False,1.464,0
right,80,40,20,60,-90,40,100,0,0.8,False,1.968,0
left,100,80,0,80,30,20,40,20,1.0,False,1.062,0
left,100,80,60,40,30,0,100,0,0.4,False,1.242,0
left,80,60,0,80,-90,0,0,20,1.0,False,1.376,0
right,100,80,60,60,60,60,80,20,0.6,False,0.816,0
right,100,40,40,40,-90,20,100,20,0.6,False,1.965,0
right,80,80,0,40,0,0,0,60,0.4,False,0.664,0
right,80,100,60,40,30,0,100,20,1.0,False,2.241,0
left,60,100,0,0,90,100,100,0,0.4,False,1.368,0
left,40,20,100,0,-30,100,100,0,0.4,False,1.377,0
left,40,100,20,0,90,100,100,20,0.1,False,1.469,0
left,60,0,0,100,-60,80,0,0,0.6,False,1.385,0
left,40,20,0,100,-60,100,20,20,0.6,False,1.375,0
right,80,0,40,100,90,60,20,0,1.0,False,1.135,0
left,20,80,80,0,90,80,20,100,0.1,False,1.318,0
left,40,0,20,100,90,60,20,20,0.8,False,1.349,0
left,40,80,0,20,-60,100,0,40,1.0,False,1.274,0
left,60,20,0,100,-60,100,100,20,0.2,False,1.38,0
left,40,0,0,80,90,80,100,100,0.6,False,1.491,0
right,80,0,40,100,90,60,20,0,1.0,False,0.969,0
right,80,0,40,80,60,40,20,20,1.0,False,1.427,0
left,80,0,40,80,90,60,20,0,1.0,False,1.344,0
right,80,100,60,40,30,0,100,20,1.0,False,0.864,0
left,60,100,0,0,90,100,100,0,0.4,False,1.467,0
left,40,20,100,0,-30,100,100,0,0.4,False,1.391,0
left,40,100,20,0,90,100,100,20,0.1,False,1.418,0
left,60,0,0,100,-60,80,0,0,0.6,False,1.385,0
left,40,20,0,100,-60,100,20,20,0.6,False,1.354,0
right,80,0,40,100,90,60,20,0,1.0,False,1.554,0
left,20,80,80,0,90,80,20,100,0.1,False,1.359,0
left,40,0,20,100,90,60,20,20,0.8,False,1.347,0
left,40,80,0,20,-60,100,0,40,1.0,False,0.928,0
left,60,20,0,100,-60,100,100,20,0.2,False,1.373,0
left,40,0,0,80,90,80,100,100,0.6,False,1.43,0
right,80,100,60,40,30,0,100,20,1.0,False,2.231,0
left,80,0,80,40,60,0,0,20,1.0,False,1.34,0
left,60,100,40,20,30,0,0,80,1.0,False,1.458,0
right,60,100,80,60,30,0,0,40,0.8,False,2.78,0
left,80,100,60,40,0,20,100,0,1.0,False,1.372,0
right,80,100,60,80,60,20,100,0,1.0,False,1.914,0
left,60,100,60,40,60,0,100,40,0.6,False,1.455,0
right,100,100,60,20,0,20,80,0,1.0,False,1.059,0
left,80,80,60,40,0,20,80,20,0.1,False,1.441,0
right,80,100,60,80,30,0,100,40,1.0,False,0.592,0
left,80,0,60,20,30,20,100,40,1.0,False,1.52,0
right,100,100,40,20,0,0,100,20,1.0,False,2.013,0
right,80,100,60,80,30,0,100,40,1.0,False,1.747,0
right,40,40,80,40,0,0,100,20,0.6,False,0.866,0
left,80,100,100,60,-90,20,0,20,0.8,False,1.397,0
right,0,80,100,60,30,0,0,60,1.0,False,0.652,0
right,80,80,40,0,-90,20,20,60,0.1,False,0.957,0
right,80,100,80,60,-30,20,100,60,1.0,False,0.717,0
left,20,100,20,40,30,0,0,60,1.0,False,1.449,0
right,80,100,80,100,30,0,80,40,1.0,False,0.541,0
left,80,0,60,60,30,0,0,20,1.0,False,1.356,0
left,0,0,40,80,0,0,40,40,0.8,False,1.63,0
left,80,60,60,20,0,0,100,40,0.2,False,1.511,0
left,80,60,80,20,0,40,80,20,0.2,False,1.493,0
right,80,100,80,100,30,0,80,40,1.0,False,0.547,0
left,20,80,20,20,90,20,20,80,1.0,False,1.462,0
right,0,80,100,60,60,0,0,40,1.0,False,1.787,0
right,100,80,40,20,0,0,100,100,0.2,False,1.121,0
right,80,100,80,100,30,0,80,20,1.0,False,0.819,0
left,20,100,20,20,90,0,0,60,1.0,False,1.367,0
right,80,0,100,60,0,0,0,20,0.2,False,2.152,0
left,60,100,100,80,-90,80,0,40,1.0,False,0.717,0
left,20,80,20,20,30,20,0,60,1.0,False,1.411,0
left,100,40,60,20,30,0,100,20,0.4,False,1.64,0
left,100,60,100,0,-30,60,80,0,0.4,False,1.396,0
right,60,20,80,80,30,0,0,20,1.0,False,0.791,0
right,80,100,80,100,30,0,80,40,1.0,False,0.775,0
right,20,100,40,0,30,20,0,60,1.0,False,0.765,0
left,40,100,0,20,90,0,0,80,0.8,False,1.398,0
left,40,100,100,60,30,0,20,40,1.0,False,0.916,0
left,80,20,60,0,30,0,100,20,0.1,False,1.389,0
right,80,60,80,20,30,20,100,0,0.4,False,0.573,0
left,60,100,80,80,90,100,80,20,1.0,False,1.184,0
right,40,60,40,20,90,20,40,100,1.0,False,1.692,0
left,80,40,100,60,30,0,40,40,1.0,False,0.939,0
right,80,60,80,60,30,100,0,40,0.1,False,2.496,0
left,100,80,60,100,-30,0,80,100,0.4,False,1.416,0
left,20,100,0,20,30,20,0,60,0.8,False,1.485,0
right,80,60,80,20,30,20,100,0,0.4,False,0.641,0
left,40,80,0,0,0,20,40,40,1.0,False,1.338,0
right,80,80,40,100,60,0,80,100,0.4,False,2.239,0
right,100,100,60,100,-60,0,60,100,0.2,False,1.093,0
left,40,100,100,40,30,0,20,20,0.4,False,0.996,0
right,0,80,80,20,30,40,80,20,0.4,False,1.118,0
right,0,80,20,60,0,0,0,40,0.6,False,0.907,0
left,100,80,80,20,-60,0,60,100,0.2,False,1.46,0
right,60,100,60,60,0,0,0,20,1.0,False,0.965,0
left,20,100,80,100,30,20,60,40,1.0,False,1.169,0
right,80,60,80,20,30,20,100,0,0.4,False,0.864,0
right,100,80,80,80,60,100,0,40,0.1,False,0.87,0
right,80,100,60,40,30,0,100,20,1.0,False,0.994,0
left,40,100,100,0,-30,100,100,0,0.4,False,1.376,0
left,40,100,20,0,0,80,80,20,0.1,False,1.592,0
left,40,0,20,100,90,60,20,0,0.6,False,1.347,0
left,20,100,20,0,90,100,20,100,0.1,False,1.306,0
left,60,80,0,0,-90,0,0,40,0.6,False,1.383,0
left,40,0,0,60,-30,80,100,100,1.0,False,1.43,0
left,40,80,80,0,60,100,20,100,0.1,False,1.345,0
left,40,80,0,20,-60,100,0,40,1.0,False,1.674,0
left,40,60,20,20,90,80,100,80,0.4,False,1.613,0
left,60,0,20,40,90,80,100,100,0.6,False,1.406,0
right,80,60,20,20,-60,100,0,60,1.0,False,1.459,0
