feature_TimeofDay,feature_Cloudiness,feature_WindIntensity,feature_Precipitation,feature_PrecipitationDeposits,feature_Wetness,feature_RoadFriction,feature_FogDensity,feature_FogDistance,feature_Direction,Visibility,RoadSurface,VehicleStability,probability,collision,min_ttc,run_duration,algo_safety
-90,20,80,0,0,0,0.8,0,100,left,0,0,0,0.008,0,1.374401903081339,77.69467306137085,0
90,60,20,0,0,0,0.8,0,100,right,0,0,20,0.00147,0,0.7225421076160803,83.37082648277283,0
30,20,100,0,0,0,0.8,0,100,left,0,0,40,0.003,0,1.3057553246508635,73.80362820625305,0
-30,20,20,0,0,0,0.8,0,100,right,0,0,60,0.0032,0,2.3031953589284218,107.0823962688446,0
90,20,100,0,0,0,0.8,0,100,right,0,0,80,0.00299,0,1.0751971202328452,159.28064632415771,0
-30,20,100,0,0,0,0.8,0,100,right,0,0,100,0.00353,0,0.8593981292550429,105.36702275276184,0
30,20,20,0,0,0,0.8,0,100,left,0,20,0,0.00306,0,1.5828489039207665,73.4428060054779,0
-90,60,40,0,0,0,0.8,0,100,right,0,20,20,0.00237,0,1.79440062976956,160.1114890575409,0
30,20,60,0,0,0,0.8,0,100,right,0,20,40,0.00321,0,0.8205004239868284,116.10995244979858,0
90,20,60,0,0,0,0.8,0,100,left,0,20,60,0.0029,0,1.3524990736784652,74.89159679412842,0
-30,20,60,0,0,0,0.8,0,100,left,0,20,80,0.00309,0,1.366408619734754,77.34521508216858,0
-90,20,20,0,0,0,0.8,0,100,left,0,20,100,0.0053,0,1.3648981182605435,77.19210767745972,0
-90,60,100,0,0,0,0.8,0,100,right,0,40,0,0.00169,0,0.7802059226482218,151.9596447944641,0
90,60,20,0,0,0,0.8,0,100,left,0,40,20,0.00165,0,1.3451950441740763,74.62143731117249,0
60,20,20,0,0,0,0.8,0,100,right,0,40,40,0.00378,0,0.7408114710430118,83.07593488693237,0
-60,20,60,0,0,0,0.8,0,100,right,0,40,60,0.00286,0,0.8409107110576037,103.24049592018127,0
-60,60,40,0,0,0,0.8,0,100,left,0,40,80,0.00145,0,1.373517708397172,76.32315492630005,0
-90,20,20,0,0,0,0.8,0,100,right,0,40,100,0.00528,0,0.750719717262306,151.9420669078827,0
-90,60,100,0,0,0,0.8,0,100,left,0,60,0,0.00175,0,1.395178012922608,76.65453457832336,0
0,40,80,0,0,0,0.8,0,100,left,0,60,20,0.00152,0,1.536915133538276,74.99901175498962,0
0,40,40,0,0,0,0.8,0,100,right,0,60,40,0.00173,0,1.1366074975999536,164.18082356452942,0
30,60,40,0,0,0,0.8,0,100,left,0,60,60,0.00145,0,1.442706564273657,74.55741906166077,0
-30,20,100,0,0,0,0.8,0,100,left,0,60,80,0.00343,0,1.3643053665380382,78.00294494628906,0
30,20,100,0,0,0,0.8,0,100,right,0,60,100,0.00321,0,1.31953943356307,129.8253710269928,0
90,20,60,0,0,0,0.8,0,100,right,0,80,0,0.0029,0,1.8331338178960623,161.60708379745483,0
90,20,100,0,0,0,0.8,0,100,left,0,80,20,0.00282,0,1.353350572890629,74.65981245040894,0
-90,20,100,0,0,0,0.8,0,100,right,0,80,40,0.00608,0,2.078576223344076,160.44521307945251,0
0,40,80,0,0,0,0.8,0,100,right,0,80,60,0.00161,0,1.5121823418407956,150.40658617019653,0
90,20,20,0,0,0,0.8,0,100,left,0,80,80,0.00404,0,1.3743093719923185,74.44196653366089,0
30,20,60,0,0,0,0.8,0,100,left,0,80,100,0.00346,0,1.4667754129256294,74.44349956512451,0
-90,20,60,0,20,40,0.8,0,100,left,0,100,0,0.00152,0,1.3910889874308234,77.98751187324524,0
-30,20,20,0,0,0,0.8,0,100,left,0,100,20,0.00305,0,1.3764943860280874,80.08094215393066,0
-90,60,60,0,0,0,0.8,0,100,left,0,100,40,0.00213,0,1.3737605539141284,78.29458498954773,0
60,20,40,0,0,0,0.8,0,100,left,0,100,60,0.00401,0,1.3668014426116253,74.58199954032898,0
-90,60,20,0,0,0,0.8,0,100,left,0,100,80,0.0015,0,1.3697970518593323,77.41393303871155,0
0,20,40,0,0,0,0.8,0,100,left,0,100,100,0.00408,0,1.3774818931629302,77.21916317939758,0
-60,20,40,0,0,0,0.8,0,100,left,20,0,0,0.00332,0,1.384514800966372,76.58834457397461,0
60,20,80,0,0,0,0.8,0,100,right,20,0,20,0.00302,0,1.49834866141813,161.4066367149353,0
60,20,80,0,0,0,0.8,0,100,left,20,0,40,0.00299,0,1.3738754250543157,74.75452542304993,0
-90,20,60,0,0,0,0.8,0,100,right,20,0,60,0.00756,0,1.906451618845056,159.91469502449036,0
90,20,20,0,0,0,0.8,0,100,right,20,0,80,0.00375,0,0.8755443954128894,104.9259352684021,0
-60,20,80,0,0,0,0.8,0,100,left,20,0,100,0.00368,0,1.37630387397499,77.74185347557068,0
60,60,60,0,0,0,0.8,0,100,left,20,20,0,0.00152,0,1.904583859964996,76.6239013671875,0
30,60,40,0,0,0,0.8,0,100,right,20,20,20,0.00146,0,0.9988000251167866,97.4768452644348,0
-60,20,20,0,0,0,0.8,0,100,right,20,20,40,0.00398,0,0.8998423462118835,110.24776339530943,0
-60,20,100,0,0,0,0.8,0,100,right,20,20,60,0.00373,0,1.9154026365197527,158.7470223903656,0
30,20,20,0,0,0,0.8,0,100,right,20,20,80,0.00336,0,1.7508963411305152,98.07948136329652,0
-30,20,60,0,0,0,0.8,0,100,right,20,20,100,0.00375,0,0.7270327153721491,99.16816401481628,0
0,20,60,0,0,0,0.8,0,100,right,20,40,0,0.00369,0,0.8270870785876933,107.8980987071991,0
0,20,100,0,0,0,0.8,0,100,right,20,40,20,0.00343,0,1.0608168032148546,163.10596179962158,0
60,60,40,0,0,0,0.8,0,100,right,20,40,40,0.00156,0,0.7137555534747823,83.61715292930603,0
0,20,100,0,0,0,0.8,0,100,left,20,40,60,0.00323,0,1.4818465856286267,75.2218976020813,0
0,20,20,0,0,0,0.8,0,100,right,20,40,80,0.00278,0,1.5296786693138205,163.19723987579346,0
-30,40,80,0,0,0,0.8,0,100,left,20,40,100,0.00164,0,1.354225146224486,77.30684232711792,0
-30,40,40,0,0,0,0.8,0,100,right,20,60,0,0.0015,0,0.7745527402167388,153.21004128456116,0
-60,40,40,0,0,0,0.8,0,100,right,20,60,20,0.0015,0,2.0543252416743054,161.61787176132202,0
90,40,40,0,0,0,0.8,0,100,right,20,60,40,0.00151,0,1.9796593064647567,157.74972128868103,0
-90,40,40,0,0,0,0.8,0,100,left,20,60,60,0.00308,0,1.4063330266133744,75.78165984153748,0
-90,40,80,0,0,0,0.8,0,100,right,20,60,80,0.0026,0,1.3157098947553898,163.45900130271912,0
-90,20,60,0,0,0,0.8,0,100,left,20,60,100,0.00784,0,1.3771534678764157,77.82083201408386,0
-60,60,20,0,0,0,0.8,0,100,right,20,80,0,0.00148,0,0.8131734520747036,103.83644771575928,0
60,20,60,0,0,0,0.8,0,100,right,20,80,20,0.00344,0,1.509976432359371,161.29960989952087,0
60,60,20,0,0,0,0.8,0,100,left,20,80,40,0.00155,0,1.3620220558673517,75.10639023780823,0
-30,40,80,0,0,0,0.8,0,100,right,20,80,60,0.00149,0,1.4896309389873326,160.46306371688843,0
-60,20,20,0,0,0,0.8,0,100,left,20,80,80,0.00394,0,1.402533754476707,77.192227602005,0
-30,40,40,0,0,0,0.8,0,100,left,20,80,100,0.00159,0,1.3669714778477078,77.06344318389893,0
60,20,20,0,0,0,0.8,0,100,left,20,100,0,0.00356,0,1.409533585722922,74.89716649055481,0
-60,40,100,0,0,0,0.8,0,100,left,20,100,20,0.00152,0,1.3778885775331111,77.47041130065918,0
-90,40,80,0,0,0,0.8,0,100,left,20,100,40,0.00294,0,1.4110872727724384,76.88776659965515,0
-90,40,60,0,0,0,0.8,0,100,right,20,100,60,0.00296,0,2.048136568015507,160.6058530807495,0
0,20,20,0,0,0,0.8,0,100,left,20,100,80,0.00273,0,1.3740532438955788,77.48094654083252,0
90,60,80,0,0,0,0.8,0,100,right,20,100,100,0.00149,0,2.191442179601293,106.51526188850404,0
-90,40,20,0,0,0,0.8,0,100,right,40,0,0,0.00208,0,2.0582662157275364,160.37116622924805,0
90,40,40,0,0,0,0.8,0,100,left,40,0,20,0.00157,0,1.3664494153627322,74.22260093688965,0
-60,60,20,0,0,0,0.8,0,100,left,40,0,40,0.0015,0,1.4539772804195152,76.72484135627747,0
0,40,40,0,0,0,0.8,0,100,left,40,0,60,0.00163,0,1.3421586152428,76.22822165489197,0
60,40,40,0,0,0,0.8,0,100,left,40,0,80,0.00152,0,1.9616492822678215,76.70957899093628,0
-90,20,40,0,0,0,0.8,0,100,right,40,0,100,0.00788,0,1.790668703302467,159.5298798084259,0
-90,20,80,0,0,0,0.8,0,100,right,40,20,0,0.0077,0,0.759069370991397,153.11762499809265,0
-90,20,40,0,0,0,0.8,0,100,left,40,20,20,0.00801,0,1.4089194966544305,77.36458849906921,0
30,40,60,0,0,0,0.8,0,100,right,40,20,40,0.00155,0,1.78362726829779,157.4538643360138,0
-90,20,100,0,0,0,0.8,0,100,left,40,20,60,0.00619,0,1.3883259087068929,76.63210773468018,0
60,20,40,0,0,0,0.8,0,100,right,40,20,80,0.00413,0,1.7319394844247469,159.7379174232483,0
30,20,40,0,0,0,0.8,0,100,right,40,20,100,0.004,0,0.8306034215122727,100.422101020813,0
30,20,40,0,0,0,0.8,0,100,left,40,40,0,0.00406,0,1.512132740324465,72.84550642967224,0
60,40,60,0,0,0,0.8,0,100,right,40,40,20,0.00152,0,1.969284334051808,159.9534080028534,0
0,20,60,0,0,0,0.8,0,100,left,40,40,40,0.00425,0,1.3971731806955303,77.12129187583923,0
0,20,80,0,0,0,0.8,0,100,right,40,40,60,0.00419,0,1.038529012803794,100.62238669395448,0
90,20,40,0,0,0,0.8,0,100,left,40,40,80,0.00406,0,1.3831035164627674,74.59737849235535,0
30,40,80,0,0,0,0.8,0,100,right,40,40,100,0.00155,0,0.9559022352093268,98.39302897453308,0
-30,20,80,0,0,0,0.8,0,100,right,40,60,0,0.004,0,0.8570145290970499,105.06885719299316,0
-60,20,40,0,0,0,0.8,0,100,right,40,60,20,0.00396,0,0.8435767275230471,102.632239818573,0
-30,20,80,0,0,0,0.8,0,100,left,40,60,40,0.00395,0,1.354017087609277,77.42902421951294,0
90,20,40,0,0,0,0.8,0,100,right,40,60,60,0.00438,0,1.7754709913134088,157.7309012413025,0
0,20,80,0,0,0,0.8,0,100,left,40,60,80,0.00401,0,1.45055324749603,75.46471762657166,0
-30,20,40,0,0,0,0.8,0,100,right,40,60,100,0.00406,0,0.8368148205321401,103.12079572677612,0
0,20,40,0,0,0,0.8,0,100,right,40,80,0,0.00385,0,1.689632948075473,163.05207300186157,0
-30,20,40,0,0,0,0.8,0,100,left,40,80,20,0.00403,0,1.3444308656744115,78.24664068222046,0
60,20,60,0,0,0,0.8,0,100,left,40,80,40,0.00386,0,1.3685246657292036,75.48725080490112,0
90,60,100,0,0,0,0.8,0,100,left,40,80,60,0.00148,0,1.3452693520707495,75.21445870399475,0
30,20,80,0,0,0,0.8,0,100,right,40,80,80,0.00353,0,1.515272589490242,148.3036847114563,0
30,20,80,0,0,0,0.8,0,100,left,40,80,100,0.00349,0,1.369177450678943,73.29040789604187,0
60,20,100,0,0,0,0.8,0,100,left,40,100,0,0.0033,0,1.373904028943224,74.5902419090271,0
30,40,60,0,0,0,0.8,0,100,left,40,100,20,0.00149,0,1.463321762248759,74.82062029838562,0
-60,20,80,0,0,0,0.8,0,100,right,40,100,40,0.0033,0,0.8197042900719395,102.00310707092284,0
60,40,20,0,0,0,0.8,0,100,right,40,100,60,0.00167,0,1.7885258777271424,159.1363832950592,0
-60,20,60,0,0,0,0.8,0,100,left,40,100,80,0.0031,0,1.3828365869973585,77.80218625068665,0
90,20,80,0,0,0,0.8,0,100,right,40,100,100,0.00303,0,0.9435549208863754,105.02134346961977,0
-60,20,100,0,0,0,0.8,0,100,left,60,0,0,0.00351,0,1.431292656106076,77.23367381095886,0
-90,40,60,0,0,0,0.8,0,100,left,60,0,20,0.00304,0,1.373989945897814,76.92639636993408,0
-90,40,40,0,0,0,0.8,0,100,right,60,0,40,0.00311,0,2.0463890210707496,162.25035047531128,0
60,20,100,0,0,0,0.8,0,100,right,60,0,60,0.00308,0,1.8565975384031004,160.703462600708,0
90,20,80,0,0,0,0.8,0,100,left,60,0,80,0.00297,0,1.3541512580490882,74.9807493686676,0
-30,40,20,0,0,0,0.8,0,100,right,60,0,100,0.00144,0,0.8335795357493473,105.20230531692503,0
-90,40,100,0,0,0,0.8,0,100,left,60,20,0,0.00257,0,1.37163070344482,77.14917802810669,0
-90,40,100,0,0,0,0.8,0,100,right,60,20,20,0.00244,0,1.7520784165125691,160.68811964988708,0
-90,60,60,0,0,0,0.8,0,100,right,60,20,40,0.00226,0,1.7695632010775009,160.39563822746277,0
-90,60,80,0,0,0,0.8,0,100,left,60,20,60,0.00229,0,1.3809569901702805,76.7051739692688,0
-90,60,80,0,0,0,0.8,0,100,right,60,20,80,0.00235,0,0.8392413906002433,102.20305156707764,0
-90,60,40,0,0,0,0.8,0,100,left,60,20,100,0.0024,0,1.3673278826369994,77.69023323059082,0
-90,40,20,0,0,0,0.8,0,100,left,60,40,0,0.00204,0,1.3937937986923208,77.14987516403198,0
0,40,60,0,0,0,0.8,0,100,left,60,40,20,0.00164,0,1.3375687989274048,75.81443786621094,0
-90,60,20,0,0,0,0.8,0,100,right,60,40,40,0.00158,0,0.7607583182275898,152.5553376674652,0
90,60,40,0,0,0,0.8,0,100,left,60,40,60,0.00165,0,1.8877868765729235,75.11757612228394,0
30,40,40,0,0,0,0.8,0,100,right,60,40,80,0.0017,0,1.1363384936245648,158.3853051662445,0
-90,20,80,0,0,0,0.8,0,100,left,60,40,100,0.00824,0,1.377426923471882,77.30956602096558,0
90,60,40,0,0,0,0.8,0,100,right,60,60,0,0.0016,0,0.8391409196508816,85.91879725456238,0
60,60,20,0,0,0,0.8,0,100,right,60,60,20,0.00151,0,0.7211601444505318,82.82833409309387,0
30,40,40,0,0,0,0.8,0,100,left,60,60,40,0.00176,0,1.4386326341319589,74.12404465675354,0
-60,40,20,0,0,0,0.8,0,100,right,60,60,60,0.00157,0,1.0555092034776092,108.45807242393494,0
60,60,40,0,0,0,0.8,0,100,left,60,60,80,0.00152,0,2.0094617075751264,76.4615957736969,0
-60,40,20,0,0,0,0.8,0,100,left,60,60,100,0.00151,0,1.3492178813393518,76.8658459186554,0
-90,20,40,0,0,0,0.8,0,100,right,60,80,0,0.00805,0,1.7271520672625815,160.71092557907104,0
0,40,60,0,0,0,0.8,0,100,right,60,80,20,0.00148,0,1.1788333966097408,140.06626224517822,0
90,40,20,0,0,0,0.8,0,100,left,60,80,40,0.00158,0,1.35107597736735,74.74919605255127,0
90,40,20,0,0,0,0.8,0,100,right,60,80,60,0.00167,0,2.196260260756,104.99586415290833,0
-60,60,40,0,0,0,0.8,0,100,right,60,80,80,0.00161,0,2.287840754529584,108.0013144016266,0
60,40,40,0,0,0,0.8,0,100,right,60,80,100,0.00161,0,1.445118376381154,160.73601841926575,0
-90,20,40,0,0,0,0.8,0,100,right,60,100,0,0.00806,0,0.7549523221533596,152.57430243492126,0
-90,20,40,0,0,0,0.8,0,100,left,60,100,20,0.00793,0,1.4023187477516632,77.15192294120789,0
-90,20,40,0,0,0,0.8,0,100,right,60,100,40,0.00778,0,1.071327493571028,108.6025252342224,0
-90,20,40,0,0,0,0.8,0,100,left,60,100,60,0.00779,0,1.357223372017734,76.96462559700012,0
-90,20,80,0,0,0,0.8,0,100,left,60,100,80,0.00791,0,1.406959284414359,77.41973948478699,0
-90,20,80,0,0,0,0.8,0,100,left,60,100,100,0.00813,0,1.3858029813495871,77.38167357444763,0
-90,20,80,0,0,0,0.8,0,100,right,80,0,0,0.008,0,1.0071772663205694,110.4881763458252,0
-90,20,40,0,0,0,0.8,0,100,left,80,0,20,0.00789,0,1.4376813115298266,76.8250482082367,0
-90,20,40,0,0,0,0.8,0,100,right,80,0,40,0.00811,0,0.7924927068647919,107.74328899383544,0
-90,20,40,0,0,0,0.8,0,100,right,80,0,60,0.00783,0,1.7738939979947776,160.10394072532654,0
-90,20,40,0,0,0,0.8,0,100,right,80,0,80,0.0079,0,0.8568985044159203,105.45739436149596,0
-90,20,80,0,0,0,0.8,0,100,left,80,0,100,0.00813,0,1.3717878238461023,77.000412940979,0
-90,20,40,0,0,0,0.8,0,100,right,80,20,0,0.00833,0,1.8414859168371984,162.2651605606079,0
-90,20,40,0,0,0,0.8,0,100,left,80,20,20,0.00775,0,1.4171504307222214,75.98321104049683,0
-90,20,40,0,0,0,0.8,0,100,left,80,20,40,0.00782,0,1.3893630065642837,77.81723213195801,0
-90,20,80,0,0,0,0.8,0,100,right,80,20,60,0.00791,0,1.447582667551391,161.51661491394043,0
-90,20,60,0,0,0,0.8,0,100,left,80,20,80,0.00792,0,1.4767716476912391,78.07712364196777,0
-30,40,60,0,0,0,0.8,0,100,right,80,20,100,0.00147,0,1.4850727771695569,161.4946675300598,0
30,40,80,0,0,0,0.8,0,100,left,80,40,0,0.00148,0,1.446985192216613,72.94060277938843,0
-90,20,40,0,0,0,0.8,0,100,right,80,40,20,0.00775,0,1.7979121318362188,162.93590569496155,0
-90,20,80,0,0,0,0.8,0,100,right,80,40,40,0.00798,0,1.908912645894004,160.3461606502533,0
-90,20,40,0,0,0,0.8,0,100,right,80,40,60,0.00795,0,1.687848392064745,163.52992224693298,0
0,40,100,0,0,0,0.8,0,100,right,80,40,80,0.00148,0,0.7694997791991832,85.11778831481934,0
-90,20,40,0,0,0,0.8,0,100,left,80,40,100,0.00789,0,1.3614636980351753,77.67011189460754,0
-90,20,40,0,0,0,0.8,0,100,right,80,60,0,0.00798,0,0.8677086484617454,104.06225538253784,0
-90,20,40,0,0,0,0.8,0,100,right,80,60,20,0.00803,0,1.9156009887126368,160.4828884601593,0
-90,20,80,0,0,0,0.8,0,100,right,80,60,40,0.00804,0,0.8602869148353255,103.07591557502748,0
-90,20,60,0,0,0,0.8,0,100,left,80,60,60,0.00804,0,1.371621966243287,77.66009998321533,0
-90,20,40,0,0,0,0.8,0,100,right,80,60,80,0.00782,0,1.7604886533189177,160.1278464794159,0
-90,20,40,0,0,0,0.8,0,100,right,80,60,100,0.00807,0,1.4733222054537898,162.32252073287964,0
60,40,20,0,0,0,0.8,0,100,left,80,80,0,0.00155,0,1.3563367879461694,74.91898608207703,0
-60,40,40,0,0,0,0.8,0,100,left,80,80,20,0.00148,0,1.382301531134738,77.88082718849182,0
-90,20,80,0,0,0,0.8,0,100,right,80,80,40,0.00772,0,1.9162697088162872,161.5392198562622,0
-90,20,60,0,0,0,0.8,0,100,left,80,80,60,0.00797,0,1.3934608899203238,78.0274510383606,0
-90,20,40,0,0,0,0.8,0,100,left,80,80,80,0.008,0,1.4065879946782245,77.88970375061035,0
-90,20,80,0,0,0,0.8,0,100,left,80,80,100,0.00808,0,1.369483394050637,77.68707203865051,0
-90,20,40,0,0,0,0.8,0,100,right,80,100,0,0.0079,0,0.7534413905439882,154.1306836605072,0
-90,20,40,0,0,0,0.8,0,100,left,80,100,20,0.0081,0,1.3652826105725406,77.81037902832031,0
-90,20,80,0,0,0,0.8,0,100,left,80,100,40,0.0081,0,1.4039312143866112,77.48694491386414,0
-90,20,40,0,0,0,0.8,0,100,right,80,100,60,0.0077,0,1.925187156402,160.6182506084442,0
-90,20,40,0,0,0,0.8,0,100,right,80,100,80,0.00809,0,0.7815089117869367,153.37796330451965,0
-90,20,80,0,0,0,0.8,0,100,left,80,100,100,0.00816,0,1.3871493371980277,78.23590874671936,0
-90,20,40,0,0,0,0.8,0,100,right,100,0,0,0.00783,0,1.4535356394199042,161.47815442085266,0
-90,20,80,0,0,0,0.8,0,100,left,100,0,20,0.00773,0,1.3825297052851997,77.69895505905151,0
-90,20,60,0,0,0,0.8,0,100,right,100,0,40,0.00793,0,0.8431286441414003,153.461416721344,0
-90,20,40,0,0,0,0.8,0,100,left,100,0,60,0.00768,0,1.4081949020974345,77.75219559669495,0
-90,20,80,0,0,0,0.8,0,100,right,100,0,80,0.00826,0,1.4525463503162264,161.78758263587952,0
-90,20,40,0,0,0,0.8,0,100,left,100,0,100,0.00805,0,1.4118331416587022,77.43852424621582,0
-90,20,80,0,0,0,0.8,0,100,right,100,20,0,0.00842,0,1.0223148965083535,111.07168936729433,0
-90,20,40,0,0,0,0.8,0,100,left,100,20,20,0.00775,0,1.387827759509968,78.83198380470276,0
-90,20,60,0,0,0,0.8,0,100,left,100,20,40,0.00806,0,1.4142962484072368,77.73620986938477,0
-90,20,40,0,0,0,0.8,0,100,right,100,20,60,0.00815,0,0.7734037718040827,154.15778636932373,0
-90,20,80,0,0,0,0.8,0,100,left,100,20,80,0.00782,0,1.376806907820845,78.25904440879822,0
-90,20,40,0,0,0,0.8,0,100,right,100,20,100,0.00799,0,1.8095075752124652,164.7734353542328,0
-90,20,40,0,0,0,0.8,0,100,left,100,40,0,0.00775,0,1.3764898871401705,78.6172285079956,0
-90,20,80,0,0,0,0.8,0,100,left,100,40,20,0.00787,0,1.385811319023981,78.40455222129822,0
-90,20,40,0,0,0,0.8,0,100,right,100,40,40,0.0081,0,0.744983020450186,153.47462129592896,0
-90,20,80,0,0,0,0.8,0,100,left,100,40,60,0.00788,0,1.398058800079331,77.98859763145447,0
-90,20,40,0,0,0,0.8,0,100,right,100,40,80,0.00821,0,0.771285933257234,153.78980255126953,0
-30,60,80,0,0,0,0.8,0,100,left,100,40,100,0.00147,0,1.383650010735981,77.15074801445007,0
-90,20,40,0,0,0,0.8,0,100,left,100,60,0,0.0079,0,1.3875865396277656,77.96198463439941,0
-90,20,60,0,0,0,0.8,0,100,right,100,60,20,0.00798,0,1.8417056953228177,164.4256739616394,0
-90,20,60,0,0,0,0.8,0,100,left,100,60,40,0.00791,0,1.4114875785856962,78.18330025672913,0
-90,20,40,0,0,0,0.8,0,100,left,100,60,60,0.00812,0,1.3784575041679683,80.53929018974304,0
-90,20,60,0,0,0,0.8,0,100,right,100,60,80,0.00782,0,0.8615208219904696,106.54366612434389,0
-90,20,40,0,0,0,0.8,0,100,left,100,60,100,0.00807,0,1.3894705831688912,77.88724207878113,0
-90,20,40,0,0,0,0.8,0,100,left,100,80,0,0.0078,0,1.407466095078402,77.70320796966553,0
-90,20,80,0,0,0,0.8,0,100,right,100,80,20,0.00768,0,0.7162094206654114,153.76244568824768,0
-90,20,80,0,0,0,0.8,0,100,right,100,80,40,0.00803,0,0.8550206797279076,103.81793665885924,0
-90,20,60,0,0,0,0.8,0,100,left,100,80,60,0.00831,0,1.4051675841765685,77.62628054618835,0
-60,60,80,0,0,0,0.8,0,100,right,100,80,80,0.00151,0,0.7728909549975321,152.91737008094788,0
90,60,80,0,0,0,0.8,0,100,left,100,80,100,0.00152,0,1.3811774649658568,75.47838497161865,0
-90,20,40,0,0,0,0.8,0,100,left,100,100,0,0.00804,0,1.3869752043443393,77.34272909164429,0
-90,20,80,0,0,0,0.8,0,100,left,100,100,20,0.00795,0,1.3855368829851775,77.75406765937805,0
-90,20,80,0,0,0,0.8,0,100,right,100,100,40,0.00795,0,1.832012604294873,161.8958740234375,0
-90,20,80,0,0,0,0.8,0,100,left,100,100,60,0.00783,0,1.380606657939505,78.14465832710266,0
-90,20,40,0,0,0,0.8,0,100,left,100,100,80,0.00806,0,1.3847233134526602,76.86005735397339,0
-90,20,80,0,0,0,0.8,0,100,right,100,100,100,0.00808,0,0.8341502294030995,101.95899701118468,0
